:020000040800F2
:100000003078002479030008F9E8000869CF000877
:10001000F1E80008B10F0008511A010800000000C3
:1000200000000000000000000000000041F1000896
:10003000112900080000000081E9000879F100089A
:100040009303000893030008930300089303000838
:100050009303000893030008930300089303000828
:10006000930300089303000893030008591B00083A
:10007000691B0008791B0008891B0008930300080E
:10008000930300089303000893030008312A000833
:10009000412A000893030008930300089303000813
:1000A00093030008C9F300089303000893030008B2
:1000B00093030008930300089303000893030008C8
:1000C00093030008930300089303000893030008B8
:1000D00051EF0008930300089303000893030008FE
:1000E000930300089303000800000000E9F30008F0
:1000F0009303000893030008930300089303000888
:100100009303000893030008930300089303000877
:1001100093030008E1FD0008D9F3000893030008E9
:100120009303000893030008930300089303000857
:100130009303000893030008930300089303000847
:1001400000000000000000000000000000000000AF
:100150009303000893030008930300089303000827
:100160009303000893030008930300089303000817
:1001700093030008930300089303000800000000A5
:100180009303000893030008F1FD0008930300089F
:1001900093030008930300089303000893030008E7
:1001A0009303000893030008930300080000000075
:1001B00093030008930300089303000893030008C7
:1001C00093030008930300080000000000000000F3
:1001D0000000000000000000930300080000000081
:1001E000000000000000000000000000000000000F
:1001F00000000000000000009303000893030008C3
:100200009303000893030008000000009303000814
:100210009303000893030008930300089303000866
:100220009303000800000000930300080000000092
:1002300093030008930300080000000093030008E4
:100240009303000893030008930300089303000836
:100250009303000893030008930300089303000826
:100260009303000893030008930300089303000816
:1002700093030008930300089303000800000000A4
:1002800093030008930300089303000893030008F6
:100290000000000093030008930300080000000022
:1002A0000000000093030008930300089303000874
:1002B000411A01089303000893030008512A00081B
:1002C00093030008930300089303000800F002F86A
:1002D00000F042F80AA090E8000C82448344AAF19E
:1002E0000107DA4501D100F037F8AFF2090EBAE89C
:1002F0000F0013F0010F18BFFB1A43F0010318475A
:10030000348A0100548A0100103A24BF78C878C1A9
:10031000FAD8520724BF30C830C144BF04680C600B
:10032000704700000023002400250026103A28BF53
:1003300078C1FBD8520728BF30C148BF0B60704757
:100340001FB517F096FE9DE8030000F0CDF900F010
:100350009DF91FBD10B510BD00F069FA1146FFF7F9
:10036000EFFF16F0A9F800F087FA03B4FFF7F2FFE9
:1003700003BC00F055FA00000948804709480047CF
:10038000FEE7FEE7FEE7FEE7FEE7FEE7FEE7FEE745
:10039000FEE7FEE704480549054A064B70470000A2
:1003A00089F20008CD020008307200243078002461
:1003B000307400243074002470B5064600F078F9DB
:1003C000056806F10B0020F00704B4429CBF002032
:1003D00070BD2B466A68BAB11068A04210D304F110
:1003E000080188423CBF5068586007D35168101913
:1003F00041601168091B016058601460101D70BDD8
:1004000013465268002AE7D12146284600F058F9E1
:100410000028DED170BD53EA020C00F069802DE99E
:10042000F04B4FF00006002B1FBFB3FA83F503FA21
:1004300005F424FA05F65E4012BF1643B2FA82F5BF
:1004400002FA05F4C5F120051EBF22FA05FC44EAB4
:100450000C04203556EA044C4FEA144418BF641CBF
:100460004FF000084FF00009904271EB030C39D3B4
:10047000002919BFB1FA81F701FA07F6B0FA80F73F
:1004800000FA07F6C7F120071EBF20FA07FC46EA6C
:100490000C062037B6FBF4FCA7EB0507103F07F06E
:1004A0001F0BCBF120062CFA06F60CFA0BFB44BF0F
:1004B000B3460026202FA4BF5E464FF0000B5BEA38
:1004C000060C08BF4FF0010B19EB0B0948EB0608AF
:1004D000ABFB027C06FB02CC0BFB03CCC01B71EB1D
:1004E0000C01C1E70B46024641464846BDE8F08B89
:1004F00013B5084318BF4FF0FF300146AFF300803B
:10050000BDE81C407047032A40F2308010F0030C15
:1005100000F0158011F8013BBCF1020F624498BF56
:1005200011F801CB00F8013B38BF11F8013BA2F1F3
:10053000040298BF00F801CB38BF00F8013B11F06E
:10054000030300F02580083AC0F0088051F8043B0E
:10055000083A51F804CBA0E80810F5E7121D5CBF7B
:1005600051F8043B40F8043BAFF30080D20724BFAE
:1005700011F8013B11F801CB48BF11F8012B24BF42
:1005800000F8013B00F801CB48BF00F8012B704791
:1005900010B5203AC0F00B80B1E81850A0E8185010
:1005A000B1E81850A0E81850203ABFF4F5AF5FEA60
:1005B000027C24BFB1E81850A0E8185044BF18C905
:1005C00018C0BDE810405FEA827C24BF51F8043BAC
:1005D00040F8043B08BF7047D20728BF31F8023B00
:1005E00048BF11F8012B28BF20F8023B48BF00F894
:1005F000012B70474FF000020429C0F0128010F068
:10060000030C00F01B80CCF1040CBCF1020F18BFEE
:1006100000F8012BA8BF20F8022BA1EB0C0100F081
:100620000DB85FEAC17C24BF00F8012B00F8012B54
:1006300048BF00F8012B70474FF0000200B5134689
:1006400094469646203922BFA0E80C50A0E80C50F2
:10065000B1F12001BFF4F7AF090728BFA0E80C50A3
:1006600048BF0CC05DF804EB890028BF40F8042B9C
:1006700008BF704748BF20F8022B11F0804F18BF09
:1006800000F8012B704770477047704770B5064CF3
:100690007C44064D7D4404E02046016808448047C0
:1006A000241DAC42F8D170BDC0860100D086010087
:1006B00000487047F8000024704770477047704743
:1006C00038B504460A4600206946AFF3008000288A
:1006D00008BF38BD02460099204600F075F8012099
:1006E00038BD012000F095B8F8B5AFF3008005469D
:1006F00000200C46102000BF0646A819A0420DD9C4
:10070000324669460020AFF30080070008BF00F0C2
:1007100080F80098A04218BF0546C419FFF7C8FF2B
:1007200005600746F01D20F007004619284600F036
:100730000AF8B44208BFF8BDA21B31463868BDE8CC
:10074000F84000F041B800210160C0E90110704795
:100750001020704770B50446051FFFF7A9FF006819
:10076000002C14BF446870BD002C18BFAC423CBFC5
:1007700020466468F8D301680A18AA4218BF456089
:1007800003D12A6805461144016028684119A14235
:100790001CBF6C6070BD6168696021680844286096
:1007A00070BD10B500F00CF8006810BD10B504461F
:1007B00000F006F8046010BD00487047F000002407
:1007C00000487047F0000024034640688C4600282B
:1007D00018BF88423CBF03464068F8D318681844E5
:1007E000884207D00CF1030020F00700001D411AD9
:1007F000521A0146081D0A60FFF7ACBF10B5002071
:1008000000F048F8FFF7A6FDBDE81040012000F019
:1008100007B810B500F046F8BDE8104000F035B854
:1008200001491820ABBEFEE726000200704775465E
:10083000FFF7C2FFAE4605006946534620F00700A9
:10084000854618B020B5FFF7A5FDBDE820404FF064
:1008500000064FF000074FF000084FF0000BAC46C9
:10086000ACE8C009ACE8C009ACE8C009ACE8C00914
:1008700021F007018D46704710B50446AFF30080A4
:100880002046BDE81040FFF770BD002801D0FFF7FB
:10089000C7BF704710B500F047F8BDE81040FFF73C
:1008A000F4BF000010B5012805D0002103A000F01E
:1008B00021F8012010BD09A1F8E700005349475273
:1008C000544D454D3A204F7574206F662068656120
:1008D00070206D656D6F7279000000003A204865E8
:1008E0006170206D656D6F727920636F72727570C3
:1008F0007465640070B505460C460A2000E06D1C66
:1009000000F02AF835B128780028F8D102E0641CFC
:1009100000F022F814B120780028F8D1BDE870402A
:100920000A2000F019B8000010B5002102A0FFF75E
:10093000E1FF012010BD0000534947414252543AA3
:100940002041626E6F726D616C207465726D696EAC
:100950006174696F6E00000008B569468DF800008B
:100960000320ABBE08BD000080B540F60000C5F610
:1009700002000122114606F0D3FF80BD00000000F6
:1009800080B540F60000C5F602000121002206F005
:10099000C7FF80BD0000000080B540F60000C5F62E
:1009A00002000821012206F0BBFF80BD000000000C
:1009B00080B540F60000C5F602000821002206F0CE
:1009C000AFFF80BD0000000080B584B00390FFF74A
:1009D000D7FF922000F040FA40F29E11C2F200418F
:1009E0001220062200F000FAFFF7BEFF40F264007A
:1009F000C2F200400078002854D0FFE740F29E1376
:100A0000C2F200431878597840EA012040F29C1164
:100A1000C2F200410880B1F9000000EE100AB8EE01
:100A2000C00A40F20000C2F2004090ED001A20EE31
:100A3000011A039A92ED082A92ED0C0A91EE020A2D
:100A400082ED000A9A7893F803C042EA0C220A80E9
:100A5000B1F9002000EE102AB8EEC00A90ED001A9D
:100A600020EE011A039A92ED082A92ED0D0A91EEFA
:100A7000020A82ED010A1A795B7942EA03220A80AE
:100A8000B1F9001000EE101AB8EEC00A90ED001A8D
:100A900020EE010A039890ED081A20EE010A80ED7D
:100AA000020A4FE040F29E13C2F2004318785978D0
:100AB00040EA012040F29C11C2F200410880B1F9E5
:100AC000000000EE100AB8EEC00A40F20000C2F2C8
:100AD000004090ED001A20EE010A039A92ED081AE8
:100AE00020EE010A82ED000A9A7893F803C042EAE8
:100AF0000C220A80B1F9002000EE102AB8EEC00ADC
:100B000090ED001A20EE010A039A92ED081A20EEE9
:100B1000010A82ED010A1A795B7942EA03220A800E
:100B2000B1F9001000EE101AB8EEC00A90ED001AEC
:100B300020EE010A039890ED081A20EE010A80EDDC
:100B4000020AFFE7FFF734FF40F29E11C2F20041B4
:100B500002910020082200F047F9FFF71DFF0298DC
:100B600000780F2840F09880FFE740F26400C2F25E
:100B70000040007800284AD0FFE740F29E13C2F2FE
:100B800000439878D97840EA012040F29C11C2F2E3
:100B900000410880B1F9000000EE100AB8EEC01A5A
:100BA00040F20400C2F2004090ED002A039A92ED58
:100BB000090A91EE020A82ED030A1A7993F805C038
:100BC00042EA0C220A80B1F9002000EE102AB8EEA9
:100BD000C01A90ED002A039A92ED0A0A91EE020AD9
:100BE00082ED040A9A79DB7942EA03220A80B1F99C
:100BF000001000EE101AB8EEC01A90ED002A03980B
:100C000090ED0B0A91EE020A80ED050A43E040F2F6
:100C10009E13C2F200439878D97840EA012040F24E
:100C20009C11C2F200410880B1F9000000EE100AE8
:100C3000B8EEC00A40F20400C2F2004090ED001A83
:100C400020EE010A039A82ED030A1A7993F805C08F
:100C500042EA0C220A80B1F9002000EE102AB8EE18
:100C6000C00A90ED001A20EE010A039A82ED040AF0
:100C70009A79DB7942EA03220A80B1F9001000EE8A
:100C8000101AB8EEC00A90ED001A20EE010A03987F
:100C900080ED050AFFE7FFE7FFF772FEA22000F0F4
:100CA000DBF840F29E11C2F20041019122200222A3
:100CB00000F09AF8FFF758FE019908784978C000CB
:100CC00040EA511140F29C10C2F200400180B0F99C
:100CD0000000B0F5806F09DBFFE740F29C11C2F223
:100CE00000410888A0F500600880FFE740F29C10F2
:100CF000C2F20040B0F9000000EE100AB8EEC01ACF
:100D0000B4EE002AB3EE070AA1EE020A039880EDC2
:100D1000070A04B080BD000080B584B003908DF850
:100D20000B10039840F2A811C2F20041086042F291
:100D30007071C2F2004101910020087015F02CF88A
:100D40000199024608781043087015F005F90199D9
:100D500002460878104308709DF80B0038B1FFE791
:100D600040F25C10C2F2004000F026F931E040F29F
:100D70005C11C2F2004100914AF2F000CBF6322041
:100D800048624FF2B930CBF6AF2088624EF6B170B0
:100D9000CBF6BB20C86246F60B70C3F699600863B9
:100DA00049F62A00C3F6935048630020886348F24E
:100DB0007A40C4F21D10C86391ED0F1A9FED080A26
:100DC00080EE010A81ED080A0020C4F2202088612B
:100DD000FFE742F27070C2F20040007804B080BDBC
:100DE000C3F51C410000000080B584B08DF80F00F1
:100DF00002918DF807209DF80F0040F0800000F070
:100E00002BF8FFE79DF8070070B1FFE7552000F0D1
:100E100023F8029908700298013002909DF80700AB
:100E200001388DF80700EDE704B080BD0000000038
:100E300080B582B08DF8070000919DF8070040F062
:100E4000800000F009F8552000F006F800990870BD
:100E500002B080BD0000000080B582B08DF80700B0
:100E600040F2A810C2F2004000686A464FF47A715E
:100E700011600DF107010DF10602012309F0F0FEEA
:100E80009DF8060002B080BD80B582B08DF80700E5
:100E90008DF806109DF80700FFF7DEFF9DF80600AD
:100EA000FFF7DAFF02B080BD83B00290019100929B
:100EB000009890ED002A90ED014A90ED026A90EDC5
:100EC000035AB6EE001AB0EE417AA6EE467AA5EEC7
:100ED000457A029822EE050A94EE060AD0ED000A41
:100EE000D0ED011A90ED023A20EE210AA7EE200A79
:100EF00022EE062AA4EE052AA2EE030A30EE000A2C
:100F0000019880ED000A009890ED002A90ED016AAA
:100F100090ED024A90ED035A22EE057AA6EE047A8D
:100F20000298B0EE410AA6EE460AA5EE450AD0EDBB
:100F3000000AD0ED011A90ED023A20EE210AA7EE48
:100F4000200A22EE062A94EE052AA2EE030A30EECB
:100F5000000A019880ED010A009890ED000A90EDDA
:100F6000014A90ED023A90ED032A20EE035A94EEE6
:100F7000025A029820EE040AA3EE020A90ED006ADB
:100F800090ED017A90ED022A20EE070AA5EE060AFE
:100F9000A4EE441AA3EE431AA1EE020A30EE000AB0
:100FA000019880ED020A03B07047000000000000C5
:100FB000FFE7FEE70000000080B592B0119000202E
:100FC00010900F9001F0B8FB40F23020C2F20040C8
:100FD00080ED000AFFE701F0AFFB40F23020C2F2E3
:100FE000004090ED001A30EE410AB2EE041AB4EE61
:100FF000410AF1EE10FA1EDDFFE711994AF2F00006
:10100000CBF63220486211994FF2B930CBF6AF20BF
:10101000886211994EF6B170CBF6BB20C862119967
:1010200048F27A40C4F21D10C86311990020C4F23E
:1010300020208861ECE29FEDE70A01F029FB11997D
:101040000020C86311994862119988621199C86299
:10105000ADF81200FFE7BDF8120040F20801C2F23D
:1010600000410988884280F2DF81FFE7FFF788FCB2
:101070009220FFF7F1FE12200FA902910622FFF73E
:10108000B3FEFFF771FC9DF83C009DF83D1040EA6F
:101090000120ADF83A00BDF93A0000EE100AB8EEB2
:1010A000C00A40F20000C2F2004090ED001A20EEAB
:1010B000010A119981ED000A9DF83E109DF83F202C
:1010C00041EA0221ADF83A10BDF93A1000EE101ACB
:1010D000B8EEC00A90ED001A20EE010A119981EDD8
:1010E000010A9DF840109DF8412041EA0221ADF827
:1010F0003A10BDF93A1000EE101AB8EEC00A90EDA1
:10110000001A20EE010A119880ED020A119890ED64
:10111000002A90ED010A90ED021A20EE000AA2EEDC
:10112000020AA1EE010A16F052FF8DED070A9DEDAD
:10113000071A119890ED0F0A30EE010A80ED0F0AA0
:10114000FFF736FC029900200822FFF74DFEFFF75B
:1011500023FC9DF83C000F285FD1FFE79DF83E007F
:101160009DF83F1040EA0120ADF83A00BDF93A0081
:1011700000EE100AB8EEC00A40F20400C2F20040CD
:1011800090ED001A20EE010A119981ED030A1199E0
:1011900091ED031A91ED090A30EE010A81ED090A79
:1011A0009DF840109DF8412041EA0221ADF83A1027
:1011B000BDF93A1000EE101AB8EEC00A90ED001A10
:1011C00020EE010A119981ED040A119991ED041A9A
:1011D00091ED0A0A30EE010A81ED0A0A9DF84210EB
:1011E0009DF8432041EA0221ADF83A10BDF93A10CA
:1011F00000EE101AB8EEC00A90ED001A20EE010AB7
:10120000119880ED050A119890ED051A90ED0B0AE2
:1012100030EE010A80ED0B0AFFE7BDF8120038BB83
:10122000FFE7079806900798059000208DF81100B9
:10123000FFE79DF81100022819DCFFE711989DF8DF
:10124000112000EB8200C0680BA941F82200119820
:101250009DF8112000EB8200C06808A941F8220027
:10126000FFE79DF8110001308DF81100E1E762E021
:101270009DED070A9DED061AB4EE410AF1EE10FA53
:1012800003DDFFE707980690FFE79DED070A9DED58
:10129000051AB4EE410AF1EE10FA03DAFFE70798F7
:1012A0000590FFE700208DF81000FFE79DF8100083
:1012B00002283FDCFFE711989DF8101000EB810039
:1012C00090ED030A0BA800EB810090ED001AB4EE3C
:1012D000410AF1EE10FA0ADDFFE711989DF810209F
:1012E00000EB8200C0680BA941F82200FFE71198CB
:1012F0009DF8101000EB810090ED030A08A800EBA8
:10130000810090ED001AB4EE410AF1EE10FA0ADA0B
:10131000FFE711989DF8102000EB8200C06808A933
:1013200041F82200FFE7FFE79DF8100001308DF83B
:101330001000BBE7FFE79DED060A9DED051A30EEB4
:10134000410A42F29070C2F2004080ED000A002093
:101350008DF80F00FFE79DF80F0002281DDCFFE766
:101360009DF80F100BA800EB810090ED000A08A873
:1013700000EB810090ED001A30EE410A42F29470C9
:10138000C2F2004000EB810080ED000AFFE79DF80B
:101390000F0001308DF80F00DDE742F29070C2F2CD
:1013A000004090ED000AB6EE001AB4EE410AF1EEEC
:1013B00010FA2DDCFFE742F29470C2F2004090ED8B
:1013C000000A9FEDE61AB4EE410AF1EE10FA1FDCB6
:1013D00002E000BF0AD7A33B42F29470C2F2004081
:1013E00090ED010A9FEDDD1AB4EE410AF1EE10FA1C
:1013F0000EDCFFE742F29470C2F2004090ED020A68
:101400009FEDD61AB4EE410AF1EE10FA01DDFFE7C6
:101410000AE09FEDD30A01F03BF9FFE7BDF81200A7
:101420000130ADF8120016E640F20800C2F20040AA
:10143000008800EE100AB8EE401A119890ED0F0ADD
:1014400080EE010A80ED0F0A00208DF80E00FFE704
:101450009DF80E0002281BDCFFE740F20800C2F2F4
:101460000040008800EE100AB8EE401A11989DF86E
:101470000E1000EB810090ED090A80EE010A80ED6C
:10148000090AFFE79DF80E0001308DF80E00DFE736
:10149000FFF776FAA220FFF7DFFC22200FA9022235
:1014A000FFF7A2FCFFF760FA9DF83C009DF83D10A5
:1014B000C00040EA5110ADF83A00BDF93A00B0F56D
:1014C000806F07DBFFE7BDF83A00A0F50060ADF8DC
:1014D0003A00FFE7BDF93A0000EE100AB8EEC01A74
:1014E000B4EE002AB3EE070AA1EE020A119880EDCD
:1014F000060A42F2E461C2F2004108880130088025
:10150000FFE742F29070C2F2004090ED000A012025
:10151000B6EE001AB4EE410AF1EE10FA019071DC59
:10152000FFE7119890ED0F0A9FED8E1A30EE010A39
:10153000B0EEC00A0120B6EE001AB4EE410AF1EE98
:1015400010FA01905EDCFFE742F29470C2F20040B4
:1015500090ED000A01209FED811AB4EE410AF1EEF0
:1015600010FA01904EDCFFE742F29470C2F20040A4
:1015700090ED010A01209FED791AB4EE410AF1EED7
:1015800010FA01903EDCFFE742F29470C2F2004094
:1015900090ED020A01209FED711AB4EE410AF1EEBE
:1015A00010FA01902EDCFFE7119890ED090AB0EED9
:1015B000C00A01209FED6C1AB4EE410AF1EE10FA58
:1015C00001901FDCFFE7119890ED0A0AB0EEC00A07
:1015D00001209FED651AB4EE410AF1EE10FA019078
:1015E00010DCFFE7119890ED0B0AB0EEC00A9FEDFA
:1015F0005E1A0020B4EE410AF1EE10FAC8BF0120D5
:101600000190FFE70198C00700287FF4E4ACFFE7F2
:10161000119890ED0F1A9FED550A80EE010A80EDAA
:10162000080A0020ADF80C00FFE7BDF80C0040F2FE
:101630000A01C2F200410988884280F28C80FFE7EB
:10164000FFF79EF99220FFF707FC12200FA9062250
:10165000FFF7CAFBFFF788F99DF83C009DF83D10A5
:1016600040EA0120ADF83A00BDF93A0000EE100A58
:10167000B8EEC00A40F20000C2F2004090ED001A3D
:1016800020EE010A119991ED081A20EE010A81ED70
:10169000000A119991ED000A91ED0C1A9FED343A70
:1016A00020EE030A9FED332AA1EE020A81ED0C0A17
:1016B0009DF83E109DF83F2041EA0221ADF83A1016
:1016C000BDF93A1000EE101AB8EEC00A90ED001AFB
:1016D00020EE010A119991ED081A20EE010A81ED20
:1016E000010A119991ED010A91ED0D1A20EE030AFC
:1016F000A1EE020A81ED0D0A9DF840109DF84120EF
:1017000041EA0221ADF83A10BDF93A1000EE101A84
:10171000B8EEC00A90ED001A20EE010A119890ED83
:10172000081A20EE010A80ED020A119890ED020AD3
:1017300090ED0E1A20EE030AA1EE020A80ED0E0AC9
:101740009FED070A00F0A4FFFFE7BDF80C00013091
:10175000ADF80C0069E712B080BD00BF9A99193E40
:101760006F12033ACDCC1CC10AD7233CC3F51C41F0
:10177000CDCC4C3ECDCC4C3F80B582B00190FFE744
:1017800000F00AF8FCE7000080B582B00190FFE7A6
:1017900000F0E6F8FCE7000080B58CB0FFE740F20F
:1017A000C420C2F2004090F8900020B9FFE7012069
:1017B00014F0EEFEF3E710F097F9FFE710F024FEC7
:1017C00010F0E2FA42F21040C2F2004090ED3C0B01
:1017D0008DED0A0B42F27021C2F2004191ED240B13
:1017E0008DED080B0121079112F0B6F9079842F22E
:1017F000E061C2F2004181ED000A40F29071C2F254
:101800000041039191ED1E0AB7EEC00A9DED0A1B3F
:1018100020EE010B9FED4E1B8DED041B20EE010B06
:10182000B7EEC00B43F29001C2F20041069110F0F6
:101830001FFF03989DED041B069990ED1D0AB7EE5E
:10184000C00A9DED0A2B20EE020B20EE010BB7EE35
:10185000C00B022010F00CFF079942F2E860C2F2C0
:10186000004090ED010A43F20410C2F2004010F073
:10187000C3FF42F6DD60C2F200400078C007B0B19D
:10188000FFE743F20410C2F2004090ED010AB7EE08
:10189000C00A9DED081B80EE010BB7EEC00B43F2B2
:1018A0009001C2F20041042010F0E2FE09E043F290
:1018B0009001C2F200419FED280A042010F0D8FEEA
:1018C000FFE700F0A9FE42F23420C2F20040017AA4
:1018D0000020022902900BD1FFE742F23420C2F22D
:1018E0000040407A0238B0FA80F040090290FFE7E9
:1018F0000298C007C8B1FFE743F29001C2F200416D
:1019000001919FED150A8DED000A012010F0B0FE47
:101910009DED000A0199022010F0AAFE9DED000A3B
:101920000199042010F0A4FEFFE742F21040C2F239
:10193000004042F68011C2F2004143F29002C2F22E
:10194000004211F0E1FE012014F022FE36E700BF54
:1019500000000000000059400000000000000000EE
:1019600080B58CB0FFE740F2C420C2F2004090F88E
:10197000900020B9FFE7012014F00AFEF3E710F011
:10198000C3F8FFE710F09CFD10F0BAFB42F248509C
:10199000C2F2004090ED3C0B8DED0A0B42F240305C
:1019A000C2F2004090ED240B8DED080B40F63C0098
:1019B000C2F20040039090ED1E0AB7EEC00A9DED02
:1019C0000A1B20EE010B9FED5A1B8DED041B20EE30
:1019D000010BB7EEC00B43F29801C2F20041069131
:1019E0000120079010F044FE03989DED041B06991A
:1019F00090ED1D0AB7EEC00A9DED0A2B20EE020BFA
:101A000020EE010BB7EEC00B022010F031FE07995B
:101A100042F2E860C2F2004090ED000A43F2E400B6
:101A2000C2F2004010F0E8FE42F6DD60C2F2004073
:101A30000078C007B0B1FFE743F2E400C2F2004013
:101A400090ED010AB7EEC00A9DED081B80EE010B78
:101A5000B7EEC00B43F29801C2F20041042010F02F
:101A600007FEFFE742F6DD60C2F200400078C007E3
:101A700080B9FFE79DED081B9FED2F0B80EE010B5A
:101A8000B7EEC00B43F29801C2F20041042010F0FF
:101A9000EFFDFFE742F23420C2F20040017A00205D
:101AA000022902900BD1FFE742F23420C2F200403B
:101AB000407A0238B0FA80F040090290FFE70298BD
:101AC000C00708B3FFE743F29801C2F20041019159
:101AD0009FED1B0A8DED000A012010F0C9FD9DED60
:101AE000000A0199022010F0C3FD9DED000A019942
:101AF000042010F0BDFD42F2E861C2F20041486AE4
:101B0000C860886B0861FFE742F24850C2F20040AB
:101B100042F68011C2F2004143F29802C2F2004242
:101B200011F0F2FD012014F033FD2BE700BF00BFE0
:101B3000000000000000594000000000000000000C
:101B4000000000000000000080B582B00190FFE7B7
:101B5000012014F01DFDFBE780B542F2A070C2F237
:101B6000004002F051F980BD80B542F61800C2F283
:101B7000004002F049F980BD80B542F69000C2F203
:101B8000004002F041F980BD80B542F60810C2F273
:101B9000004002F039F980BD83B0029002980168DC
:101BA00001201022C4F202029142009000F0A380B2
:101BB000FFE70298016801202822C4F20202914244
:101BC000009000F09880FFE7029801680120402211
:101BD000C4F202029142009000F08D80FFE702986B
:101BE000016801205822C4F202029142009000F0E4
:101BF0008280FFE70298016801207022C4F202028D
:101C00009142009077D0FFE7029801680120882276
:101C1000C4F20202914200906DD0FFE70298016881
:101C20000120A022C4F202029142009063D0FFE79B
:101C3000029801680120B822C4F202029142009089
:101C400059D0FFE702980168012040F21042C4F227
:101C50000202914200904ED0FFE7029801680120F5
:101C600040F22842C4F202029142009043D0FFE7C2
:101C700002980168012040F24042C4F202029142FF
:101C8000009038D0FFE702980168012040F25842E6
:101C9000C4F20202914200902DD0FFE70298016841
:101CA000012040F27042C4F202029142009022D020
:101CB000FFE702980168012040F28842C4F2020264
:101CC0009142009017D0FFE702980168012040F28E
:101CD000A042C4F20202914200900CD0FFE70298A9
:101CE00000684FF64831CBF6FD710844B0FA80F039
:101CF00040090090FFE70098C00740B3FFE7029853
:101D0000007810384AF6AB21CAF6AA21A0FB0110D0
:101D100000090190019800F0070148F2A010C0F6F8
:101D20000100405C0299C8650198042807D3FFE7C9
:101D300002990868042262F30900886506E00299A6
:101D4000086840F2FF3290438865FFE705E002999A
:101D5000086820F0FF008865FFE70298806D03B0F7
:101D6000704700000000000084B0039003980068F2
:101D7000019003980168012045F20842C5F602026D
:101D8000914200904ED0FFE703980168012045F290
:101D90001C42C5F602029142009043D0FFE703982F
:101DA0000168012045F23042C5F6020291420090DE
:101DB00038D0FFE703980168012045F24442C5F698
:101DC0000202914200902DD0FFE7039801680120A4
:101DD00045F25842C5F602029142009022D0FFE738
:101DE00003980168012045F26C42C5F60202914257
:101DF000009017D0FFE703980168012045F2804268
:101E0000C5F60202914200900CD0FFE703980068EB
:101E10004AF66C31CAF2FD710844B0FA80F040090C
:101E20000090FFE70098C00710B3FFE70398007821
:101E300008384CF6CD41CCF6CC41A0FB011000098E
:101E40000290029945F60000C5F6020000EB810001
:101E500003990866039945F68000C5F602004866B6
:101E6000029800F01F01012088400399886635E040
:101E70000398007810384AF6AB21CAF6AA21A0FBD5
:101E8000011000090290019840F2B841C4F2020129
:101E900088420CD8FFE7019840F21041C4F20201D9
:101EA000884204D3FFE7029808300290FFE70299C6
:101EB00040F60000C4F2020000EB810003990866BE
:101EC000039940F68000C4F202004866029800F0D0
:101ED0001F010120884003998866FFE704B070471E
:101EE00083B002900298007901900198002800F0D8
:101EF0008A80FFE70198082800F28580FFE70298B2
:101F00000168012045F20842C5F6020291420090A4
:101F10004ED0FFE702980168012045F21C42C5F649
:101F200002029142009043D0FFE70298016801202D
:101F300045F23042C5F602029142009038D0FFE7E8
:101F400002980168012045F24442C5F6020291421E
:101F500000902DD0FFE702980168012045F2584219
:101F6000C5F602029142009022D0FFE70298016874
:101F7000012045F26C42C5F602029142009017D052
:101F8000FFE702980168012045F28042C5F602028F
:101F9000914200900CD0FFE7029800684AF66C313D
:101FA000CAF2FD710844B0FA80F040090090FFE7E2
:101FB0000098C00780B1FFE7019945F6FC00C5F61F
:101FC000020000EB81000299C866029945F64010B4
:101FD000C5F6020008670FE0019940F6FC00C4F264
:101FE000020000EB81000299C866029940F6401099
:101FF000C4F202000867FFE70198411E01208840F3
:1020000002994867FFE703B0704700000000000036
:1020100085B0049000208DF80F000498806918BBEB
:10202000FFE70498806A029003281BD80299DFE832
:1020300001F0020D0218049890F82F00C00720B19B
:10204000FFE701208DF80F00FFE70CE00498C06A5D
:10205000B0F1C07F04D1FFE701208DF80F00FFE74A
:1020600001E000E0FFE747E004988069B0F5005F19
:1020700026D1FFE70498806A019003281ED80199B1
:10208000DFE801F00206021101208DF80F0016E0D2
:10209000049890F82F00C00720B1FFE701208DF8C9
:1020A0000F00FFE70BE00498C06AB0F1C07F04D1D5
:1020B000FFE701208DF80F00FFE700E0FFE71AE0DF
:1020C0000498806A0090032804D3FFE7009803284F
:1020D00004D00EE001208DF80F000BE0049890F87A
:1020E0002F00C00720B1FFE701208DF80F00FFE7A8
:1020F00000E0FFE7FFE7FFE79DF80F0005B070473E
:1021000089B008900791069205930898806D049015
:102110000898806D03900898016801201022C4F28D
:1021200002029142029000F00381FFE708980168E3
:1021300001202822C4F202029142029000F0F880AD
:10214000FFE70898016801204022C4F20202914290
:10215000029000F0ED80FFE7089801680120582206
:10216000C4F202029142029000F0E280FFE7089878
:10217000016801207022C4F202029142029000F034
:10218000D780FFE70898016801208822C4F2020284
:102190009142029000F0CC80FFE70898016801208E
:1021A000A022C4F202029142029000F0C180FFE737
:1021B000089801680120B822C4F2020291420290FC
:1021C00000F0B680FFE708980168012040F2104255
:1021D000C4F202029142029000F0AA80FFE7089840
:1021E0000168012040F22842C4F2020291420290AA
:1021F00000F09E80FFE708980168012040F240420D
:10220000C4F202029142029000F09280FFE7089827
:102210000168012040F25842C4F202029142029049
:1022200000F08680FFE708980168012040F27042C4
:10223000C4F20202914202907AD0FFE70898016846
:10224000012040F28842C4F20202914202906FD013
:10225000FFE708980168012040F2A042C4F20202A0
:102260009142029064D0FFE708980168012040F293
:10227000B842C4F202029142029059D0FFE7089896
:102280000168012045F20842C5F60202914202901F
:102290004ED0FFE708980168012045F21C42C5F6C0
:1022A00002029142029043D0FFE7089801680120A2
:1022B00045F23042C5F602029142029038D0FFE763
:1022C00008980168012045F24442C5F60202914295
:1022D00002902DD0FFE708980168012045F258428E
:1022E000C5F602029142029022D0FFE708980168E9
:1022F000012045F26C42C5F602029142029017D0CD
:10230000FFE708980168012045F28042C5F6020205
:10231000914202900CD0FFE7089800684AF66C31B1
:10232000CAF2FD710844B0FA80F040090290FFE75C
:102330000298C00770B1FFE70898416E806E486050
:102340000898C06E28B1FFE70898016F406F486099
:10235000FFE7FFE70898016801201022C4F202029B
:102360009142019000F0A380FFE7089801680120E6
:102370002822C4F202029142019000F09880FFE707
:102380000898016801204022C4F2020291420190A3
:1023900000F08D80FFE70898016801205822C4F200
:1023A00002029142019000F08280FFE708980168E4
:1023B00001207022C4F202029142019077D0FFE71F
:1023C0000898016801208822C4F20202914201901B
:1023D0006DD0FFE7089801680120A022C4F2020234
:1023E0009142019063D0FFE7089801680120B8226C
:1023F000C4F202029142019059D0FFE708980168A7
:10240000012040F21042C4F20202914201904ED0EB
:10241000FFE708980168012040F22842C4F2020256
:102420009142019043D0FFE708980168012040F2F3
:102430004042C4F202029142019038D0FFE708986E
:102440000168012040F25842C4F202029142019018
:102450002DD0FFE708980168012040F27042C4F2D5
:1024600002029142019022D0FFE708980168012002
:1024700040F28842C4F202029142019017D0FFE775
:1024800008980168012040F2A042C4F20202914281
:1024900001900CD0FFE7089800684FF64831CBF662
:1024A000FD710844B0FA80F040090190FFE70198FF
:1024B000C00750B3FFE70898C06D00F01F013F2030
:1024C00088400499886008980168086820F4802092
:1024D000086005980899096848600898806840284D
:1024E00009D1FFE706980899096888600798089954
:1024F0000968C86008E00798089909688860069824
:1025000008990968C860FFE782E00898016801201F
:1025100045F20842C5F60202914200904ED0FFE714
:1025200008980168012045F21C42C5F6020291425A
:10253000009043D0FFE708980168012045F230423F
:10254000C5F602029142009038D0FFE70898016872
:10255000012045F24442C5F60202914200902DD07E
:10256000FFE708980168012045F25842C5F60202CB
:102570009142009022D0FFE708980168012045F2BF
:102580006C42C5F602029142009017D0FFE708980E
:102590000168012045F28042C5F602029142009096
:1025A0000CD0FFE7089800684AF66C31CAF2FD715A
:1025B0000844B0FA80F040090090FFE70098C00797
:1025C00020B3FFE70898C06D00F01F01012088408C
:1025D00003994860059808990968486008988068D8
:1025E000402809D1FFE7069808990968886007988C
:1025F00008990968C86008E0079808990968886020
:10260000069808990968C860FFE700E0FFE7FFE760
:1026100009B070470000000080B540F2C420C2F24B
:102620000040406F43F2A001C2F20041086040F256
:102630009070C2F20040C06A48604FF0FF40C8612D
:1026400042F61850C2F2004020220AF039FB80BD49
:1026500081B041F20400CEF20000006800900098C2
:1026600040F22821C2F200410968884208D2FFE7FF
:1026700040F22C21C2F20041086801300860FFE7F7
:10268000009840F22821C2F20041086001B0704772
:1026900083B08DED020A41F20400CEF20000006822
:1026A000019002980090FFE741F20400CEF2000092
:1026B00000680199401A00EE100AB8EE400A9DED3C
:1026C000001A40F21420C2F2004090ED002AB8EE49
:1026D000422A21EE021AB4EE410AF1EE10FA01DAB2
:1026E000FFE7E1E703B0704780B584B0039041F2A3
:1026F0000400CEF200000068029002980399096875
:10270000401A00EE100AB8EE400A40F21420C2F25D
:10271000004090ED001AB8EE411A80EE010A8DEDEE
:10272000010A029803990860FFF792FF9DED010AE4
:1027300004B080BD0000000080B582B000F068F8F1
:1027400040F2C860C2F2004090ED000AB8EE400AC4
:10275000818801EE101AB8EEC11A9FED092AA1EE88
:10276000020AC08801EE100AB8EEC11A9FED052AD0
:10277000A1EE020A8DED010A9DED010A02B080BDB5
:102780006F12833ABD37863581B000904EF6FC510A
:10279000CEF20001086840F08070086041F2040148
:1027A000CEF200010020086041F20002CEF20002E9
:1027B000116841F001011160009944F24022C0F219
:1027C0000F024A4340F21421C2F200410A600A6833
:1027D00044F6D353C1F26203A2FB0332920940F2E2
:1027E0001823C2F200431A6009684DF68362C4F2EE
:1027F0001B32A1FB0221890C40F21C22C2F20042D2
:10280000116040F22C21C2F20041086001B0704713
:10281000B0B586B041F20400CEF200000068059029
:10282000FFF716FF40F22C20C2F200400168059825
:10283000002302934FF0FF3C1A46E1FB0C0240F2EA
:102840002021C2F2004100914A600860086849688E
:1028500040F21424C2F200442268FDF7DCFD029B22
:1028600002468C46009940F23820C2F20040C0F87F
:1028700004C00260D1F800C04968D0F800E04268A6
:102880002468AEFB04E502FB0452BCEB0E0C61EBCA
:10289000020240F24021C2F200410391C1F800C09F
:1028A0004A60006840F2C862C2F2004204921060BE
:1028B0000868496840F21822C2F200420192126888
:1028C000FDF7A9FDDDF804C0029B049A01460398B8
:1028D0009180016840689288DCF800C002FB0CF22D
:1028E0008A1A60F1000040F24821C2F200410A60F9
:1028F00048600868496840F21C22C2F2004212682F
:10290000FDF789FD0499C88006B0B0BD0000000045
:10291000704700000000000083B002900191009217
:10292000009890ED002A90ED014A90ED026A90ED3A
:10293000035AB6EE001AB0EE417AA6EE467AA5EE3C
:10294000457A029822EE050AA4EE060AD0ED000AA6
:10295000D0ED011A90ED023A20EE210AA7EE200AEE
:1029600022EE062A94EE052AA2EE030A30EE000AB1
:10297000019880ED000A009890ED002A90ED016A20
:1029800090ED024A90ED035A22EE057A96EE047A13
:102990000298B0EE410AA6EE460AA5EE450AD0ED31
:1029A000000AD0ED011A90ED023A20EE210AA7EEBE
:1029B000200A22EE062AA4EE052AA2EE030A30EE31
:1029C000000A019880ED010A009890ED000A90ED50
:1029D000014A90ED023A90ED032A20EE035AA4EE4C
:1029E000025A029820EE040A93EE020A90ED006A61
:1029F00090ED017A90ED022A20EE070AA5EE060A74
:102A0000A4EE441AA3EE431AA1EE020A30EE000A25
:102A1000019880ED020A03B070470000000000003A
:102A200081B0EFF3108072B60090FFE7FEE7000080
:102A300080B542F68010C2F2004003F029FE80BD4E
:102A400080B542F62020C2F2004003F021FE80BD96
:102A500080B542F6C020C2F2004003F019FE80BDEE
:102A600084B002900298406B009002980068D0F801
:102A700084004FF6FC718843009940EA8100029976
:102A80000968C1F8840002980068D0F8840020F436
:102A90007F00029A1168926B40EA0240C1F88400FC
:102AA0000298816B00980844009002980068D0F862
:102AB00088006FF38F00009940EA8100029909684D
:102AC000C1F8880002980068D0F8880020F4FE0061
:102AD000029A1168D26B40EA0240C1F8880002985D
:102AE000C16B009800EB4100009002980068D0F89C
:102AF000A0006FF38F00009940EA810002990968F5
:102B0000C1F8A00002980068D0F8A00020F4FE00F0
:102B1000029A1168126C40EA0240C1F8A0000299C2
:102B2000086C496C009A00FB012000900298006834
:102B3000D0F8B0006FF38F00009940EA810002994D
:102B40000968C1F8B00002980068D0F8B00020F41D
:102B5000FE00029A1168926C40EA0240C1F8B0008F
:102B60000299886CC96C009A00FB012000900298C1
:102B70000068D0F8AC006FF38F00009940EA810044
:102B800002990968C1F8AC000299086D496D009A74
:102B900000FB0120009002980068D0F8F0006FF36D
:102BA0008F00009940EA810002990968C1F8F0009D
:102BB00002980068D0F8F00020F47C10029A1168A6
:102BC000926D40EA0240C1F8F0000298816D0098D1
:102BD00000EB4100009002980068D0F8C0006FF34D
:102BE0008F00009940EA810002990968C1F8C0008D
:102BF00002980068D0F8C00020F47C10029A116896
:102C0000D26D40EA0240C1F8C00002980068D0F8D6
:102C1000C00020F07C50029A1168126E40EA0260F7
:102C2000C1F8C00002994A6B4AF60040C4F20000A5
:102C300000EB8200C86602998A6BC86E00EB8200C6
:102C400008670299CA6B086F00EBC20048670299D7
:102C50000A6C4B6C486F5A4300EB820088670299FC
:102C60008A6CCB6C886F5A4300EB8200C86702996C
:102C70000A6D4B6DC86F5A4300EB8200C1F88000AB
:102C800002998A6DD1F8800000EBC200C1F884007F
:102C90000299CA6D8B6ED1F884005A4300EB820012
:102CA000C1F8880002990A6E8B6ED1F888005A43E9
:102CB00000EB8200C1F890000298D0F890004DF22D
:102CC000FD31C4F2000188420FD3FFE70299D1F829
:102CD0009C0040F02000C1F89C000299032081F87C
:102CE000980001208DF80F0017E00298C06E019047
:102CF000FFE701980299D1F89010884208D2FFE7C7
:102D0000019900200860FFE7019804300190F0E786
:102D1000FFE700208DF80F00FFE79DF80F0004B0DB
:102D2000704700000000000088B0079006910592EF
:102D300004930698406848B9FFE7069801688268DE
:102D40000069104340EA8140039009E00698016859
:102D5000826800691043084340F080400390FFE719
:102D60000698D0F820C0C16842698369C06940EA0A
:102D70000C601843104340EA014002900798826EAD
:102D8000D0F884000499514300EB8100019003982E
:102D90000199086001980430019002980199086037
:102DA00001980430019000200090FFE700980699F8
:102DB000CA6848F29011C0F60101895C88420DD2C0
:102DC000FFE7059800994058019908600198043080
:102DD0000190FFE7009804300090E7E708B07047E3
:102DE00080B58AB0089004F0B3FD0490089828B923
:102DF000FFE701208DF8270000F0AABC089890F8A2
:102E0000350002280ED0FFE7089980204865FFE7CB
:102E10000899002081F83400FFE701208DF8270091
:102E200000F096BC0898016801201022C4F202024A
:102E30009142039000F0A380FFE708980168012009
:102E40002822C4F202029142039000F09880FFE72A
:102E50000898016801204022C4F2020291420390C6
:102E600000F08D80FFE70898016801205822C4F225
:102E700002029142039000F08280FFE70898016807
:102E800001207022C4F202029142039077D0FFE742
:102E90000898016801208822C4F20202914203903E
:102EA0006DD0FFE7089801680120A022C4F2020259
:102EB0009142039063D0FFE7089801680120B8228F
:102EC000C4F202029142039059D0FFE708980168CA
:102ED000012040F21042C4F20202914203904ED00F
:102EE000FFE708980168012040F22842C4F202027C
:102EF0009142039043D0FFE708980168012040F217
:102F00004042C4F202029142039038D0FFE7089891
:102F10000168012040F25842C4F20202914203903B
:102F20002DD0FFE708980168012040F27042C4F2FA
:102F300002029142039022D0FFE708980168012025
:102F400040F28842C4F202029142039017D0FFE798
:102F500008980168012040F2A042C4F202029142A6
:102F600003900CD0FFE7089800684FF64831CBF685
:102F7000FD710844B0FA80F040090390FFE7039820
:102F8000C00780B1FFE708980168086820F01E00BC
:102F9000086008980168486920F080004861089836
:102FA0000068059009E008980168086820F00E00A4
:102FB0000860089800680590FFE7089801680120FC
:102FC0001022C4F202029142029000F00381FFE756
:102FD0000898016801202822C4F20202914202905E
:102FE00000F0F880FFE70898016801204022C4F251
:102FF00002029142029000F0ED80FFE7089801681C
:1030000001205822C4F202029142029000F0E280B4
:10301000FFE70898016801207022C4F20202914281
:10302000029000F0D780FFE708980168012088220D
:10303000C4F202029142029000F0CC80FFE70898AF
:1030400001680120A022C4F202029142029000F025
:10305000C180FFE7089801680120B822C4F202028B
:103060009142029000F0B680FFE7089801680120C5
:1030700040F21042C4F202029142029000F0AA8093
:10308000FFE708980168012040F22842C4F20202DA
:103090009142029000F09E80FFE7089801680120AD
:1030A00040F24042C4F202029142029000F092804B
:1030B000FFE708980168012040F25842C4F202027A
:1030C0009142029000F08680FFE708980168012095
:1030D00040F27042C4F20202914202907AD0FFE7BD
:1030E00008980168012040F28842C4F2020291422D
:1030F00002906FD0FFE708980168012040F2A042DB
:10310000C4F202029142029064D0FFE7089801687D
:10311000012040F2B842C4F202029142029059D01A
:10312000FFE708980168012045F20842C5F602024F
:10313000914202904ED0FFE708980168012045F2C5
:103140001C42C5F602029142029043D0FFE7089864
:103150000168012045F23042C5F602029142029018
:1031600038D0FFE708980168012045F24442C5F6CF
:103170000202914202902DD0FFE7089801680120D9
:1031800045F25842C5F602029142029022D0FFE772
:1031900008980168012045F26C42C5F6020291428E
:1031A000029017D0FFE708980168012045F280429D
:1031B000C5F60202914202900CD0FFE70898006821
:1031C0004AF66C31CAF2FD710844B0FA80F0400949
:1031D0000290FFE70298C00738B1FFE70898016E38
:1031E000086820F480700860FFE7089800681021E4
:1031F000C4F20201884200F08180FFE7089800686D
:103200002821C4F20201884278D0FFE708980068BC
:103210004021C4F20201884270D0FFE7089800689C
:103220005821C4F20201884268D0FFE7089800687C
:103230007021C4F20201884260D0FFE7089800685C
:103240008821C4F20201884258D0FFE7089800683C
:10325000A021C4F20201884250D0FFE7089800681C
:10326000B821C4F20201884248D0FFE708980068FC
:1032700040F21041C4F2020188423FD0FFE70898B3
:10328000006840F22841C4F20201884236D0FFE7CC
:103290000898006840F24041C4F2020188422DD0F3
:1032A000FFE70898006840F25841C4F202018842E2
:1032B00024D0FFE70898006840F27041C4F2020190
:1032C00088421BD0FFE70898006840F28841C4F2AA
:1032D0000201884212D0FFE70898006840F2A0413E
:1032E000C4F20201884209D0FFE70898006840F262
:1032F000B841C4F20201884207D1FFE7089801688B
:10330000086820F00100086006E008980168086875
:1033100020F001000860FFE7FFE705980068C0079C
:10332000C8B1FFE704F014FB0499401A062811D332
:10333000FFE70899202048650899032081F83500A7
:10334000FFE70899002081F83400FFE701208DF89D
:103350002700FDE1E1E70898016801201022C4F28E
:1033600002029142019000F0A380FFE708980168F3
:1033700001202822C4F202029142019000F09880BC
:10338000FFE70898016801204022C4F2020291423E
:10339000019000F08D80FFE7089801680120582215
:1033A000C4F202029142019000F08280FFE7089887
:1033B000016801207022C4F202029142019077D08C
:1033C000FFE70898016801208822C4F202029142B6
:1033D00001906DD0FFE7089801680120A022C4F297
:1033E00002029142019063D0FFE708980168012032
:1033F000B822C4F202029142019059D0FFE7089826
:103400000168012040F21042C4F202029142019090
:103410004ED0FFE708980168012040F22842C4F22C
:1034200002029142019043D0FFE708980168012011
:1034300040F24042C4F202029142019038D0FFE7CC
:1034400008980168012040F25842C4F202029142F9
:1034500001902DD0FFE708980168012040F27042EA
:10346000C4F202029142019022D0FFE7089801685D
:10347000012040F28842C4F202029142019017D02A
:10348000FFE708980168012040F2A042C4F202025E
:10349000914201900CD0FFE7089800684FF6483140
:1034A000CBF6FD710844B0FA80F040090190FFE7C7
:1034B0000198C00760B1FFE70898806D07900898F1
:1034C000C06D00F01F013F208840079988600BE025
:1034D0000898806D06900898C06D00F01F010120CB
:1034E000884006994860FFE708980168012010228B
:1034F000C4F202029142009000F00381FFE70898B5
:10350000016801202822C4F202029142009000F0DA
:10351000F880FFE70898016801204022C4F2020207
:103520009142009000F0ED80FFE7089801680120CB
:103530005822C4F202029142009000F0E280FFE7BC
:103540000898016801207022C4F2020291420090A2
:1035500000F0D780FFE70898016801208822C4F2B4
:1035600002029142009000F0CC80FFE708980168C9
:103570000120A022C4F202029142009000F0C1801A
:10358000FFE7089801680120B822C4F202029142C4
:10359000009000F0B680FFE708980168012040F233
:1035A0001042C4F202029142009000F0AA80FFE7AC
:1035B00008980168012040F22842C4F202029142B8
:1035C000009000F09E80FFE708980168012040F21B
:1035D0004042C4F202029142009000F09280FFE764
:1035E00008980168012040F25842C4F20202914258
:1035F000009000F08680FFE708980168012040F203
:103600007042C4F20202914200907AD0FFE708981B
:103610000168012040F28842C4F202029142009007
:103620006FD0FFE708980168012040F2A042C4F281
:1036300002029142009064D0FFE7089801680120DF
:1036400040F2B842C4F202029142009059D0FFE722
:1036500008980168012045F20842C5F6020291422D
:1036600000904ED0FFE708980168012045F21C4207
:10367000C5F602029142009043D0FFE70898016826
:10368000012045F23042C5F602029142009038D046
:10369000FFE708980168012045F24442C5F602029E
:1036A000914200902DD0FFE708980168012045F273
:1036B0005842C5F602029142009022D0FFE70898D6
:1036C0000168012045F26C42C5F602029142009069
:1036D00017D0FFE708980168012045F28042C5F63F
:1036E0000202914200900CD0FFE7089800684AF669
:1036F0006C31CAF2FD710844B0FA80F040090090C4
:10370000FFE70098C007A0B1FFE70898416E806E00
:1037100048600898C06E58B1FFE70898C16E086805
:1037200020F4807008600898016F406F4860FFE7E0
:10373000FFE70899012081F83500FFE7089900208C
:1037400081F83400FFE7FFE700208DF82700FFE74E
:103750009DF827000AB080BD80B586B0049004981B
:1037600020B9FFE701208DF8170046E3049890F890
:103770003500022807D0FFE7049980204865012022
:103780008DF8170039E30498016801201022C4F273
:1037900002029142029000F0A380FFE704980168C2
:1037A00001202822C4F202029142029000F0988087
:1037B000FFE70498016801204022C4F2020291420E
:1037C000029000F08D80FFE70498016801205822E4
:1037D000C4F202029142029000F08280FFE7049856
:1037E000016801207022C4F202029142029077D057
:1037F000FFE70498016801208822C4F20202914286
:1038000002906DD0FFE7049801680120A022C4F265
:1038100002029142029063D0FFE704980168012000
:10382000B822C4F202029142029059D0FFE70498F4
:103830000168012040F21042C4F20202914202905B
:103840004ED0FFE704980168012040F22842C4F2FC
:1038500002029142029043D0FFE7049801680120E0
:1038600040F24042C4F202029142029038D0FFE797
:1038700004980168012040F25842C4F202029142C9
:1038800002902DD0FFE704980168012040F27042B9
:10389000C4F202029142029022D0FFE7049801682C
:1038A000012040F28842C4F202029142029017D0F5
:1038B000FFE704980168012040F2A042C4F202022E
:1038C000914202900CD0FFE7049800684FF648310F
:1038D000CBF6FD710844B0FA80F040090290FFE792
:1038E0000298C007002800F09D80FFE7049904209B
:1038F00081F83500049800681021C4F20201884262
:1039000000F08180FFE7049800682821C4F20201DA
:10391000884278D0FFE7049800684021C4F2020191
:10392000884270D0FFE7049800685821C4F2020171
:10393000884268D0FFE7049800687021C4F2020151
:10394000884260D0FFE7049800688821C4F2020131
:10395000884258D0FFE704980068A021C4F2020111
:10396000884250D0FFE704980068B821C4F20201F1
:10397000884248D0FFE70498006840F21041C4F242
:10398000020188423FD0FFE70498006840F22841D6
:10399000C4F20201884236D0FFE70498006840F282
:1039A0004041C4F2020188422DD0FFE7049800682C
:1039B00040F25841C4F20201884224D0FFE7049843
:1039C000006840F27041C4F2020188421BD0FFE758
:1039D0000498006840F28841C4F20201884212D083
:1039E000FFE70498006840F2A041C4F20201884257
:1039F00009D0FFE70498006840F2B841C4F2020120
:103A0000884207D1FFE704980168086820F00100A8
:103A1000086006E004980168086820F0010008606A
:103A2000FFE7E5E104980168086820F00E000860EF
:103A3000049800681021C4F20201884200F08180DD
:103A4000FFE7049800682821C4F20201884278D078
:103A5000FFE7049800684021C4F20201884270D058
:103A6000FFE7049800685821C4F20201884268D038
:103A7000FFE7049800687021C4F20201884260D018
:103A8000FFE7049800688821C4F20201884258D0F8
:103A9000FFE704980068A021C4F20201884250D0D8
:103AA000FFE704980068B821C4F20201884248D0B8
:103AB000FFE70498006840F21041C4F20201884216
:103AC0003FD0FFE70498006840F22841C4F20201A9
:103AD000884236D0FFE70498006840F24041C4F2C3
:103AE000020188422DD0FFE70498006840F2584157
:103AF000C4F20201884224D0FFE70498006840F233
:103B00007041C4F2020188421BD0FFE704980068AC
:103B100040F28841C4F20201884212D0FFE70498C3
:103B2000006840F2A041C4F20201884209D0FFE7D8
:103B30000498006840F2B841C4F20201884207D1FB
:103B4000FFE704980168086820F00100086006E0BB
:103B500004980168086820F001000860FFE70498F5
:103B6000016801201022C4F202029142019000F08B
:103B70000381FFE70498016801202822C4F20202B1
:103B80009142019000F0F880FFE70498016801205D
:103B90004022C4F202029142019000F0ED80FFE762
:103BA0000498016801205822C4F202029142019057
:103BB00000F0E280FFE70498016801207022C4F25F
:103BC00002029142019000F0D780FFE7049801685B
:103BD00001208822C4F202029142019000F0CC80C0
:103BE000FFE7049801680120A022C4F2020291427A
:103BF000019000F0C180FFE7049801680120B8221D
:103C0000C4F202029142019000F0B680FFE70498EE
:103C10000168012040F21042C4F202029142019078
:103C200000F0AA80FFE704980168012040F22842D2
:103C3000C4F202029142019000F09E80FFE70498D6
:103C40000168012040F24042C4F202029142019018
:103C500000F09280FFE704980168012040F258428A
:103C6000C4F202029142019000F08680FFE70498BE
:103C70000168012040F27042C4F2020291420190B8
:103C80007AD0FFE704980168012040F28842C4F22C
:103C90000202914201906FD0FFE704980168012071
:103CA00040F2A042C4F202029142019064D0FFE7C8
:103CB00004980168012040F2B842C4F20202914225
:103CC000019059D0FFE704980168012045F20842AD
:103CD000C5F60202914201904ED0FFE704980168B8
:103CE000012045F21C42C5F602029142019043D0E8
:103CF000FFE704980168012045F23042C5F6020250
:103D00009142019038D0FFE704980168012045F204
:103D10004442C5F60202914201902DD0FFE704987B
:103D20000168012045F25842C5F602029142019015
:103D300022D0FFE704980168012045F26C42C5F6E5
:103D400002029142019017D0FFE704980168012018
:103D500045F28042C5F60202914201900CD0FFE785
:103D6000049800684AF66C31CAF2FD710844B0FA52
:103D700080F040090190FFE70198C00728B3FFE7F2
:103D80000498016E086820F4807008600498806DC3
:103D900003900498C06D00F01F0101208840039932
:103DA00048600498416E806E48600498C06E58B1B7
:103DB000FFE70498C16E086820F4807008600498DA
:103DC000016F406F4860FFE7FFE70499012081F829
:103DD0003500FFE70499002081F83400FFE70498DC
:103DE000006D20B1FFE70498016D8847FFE7FFE70A
:103DF000FFE700208DF81700FFE79DF8170006B0D9
:103E000080BD00000000000080B590B00F90002041
:103E10000B9040F25000C2F20040006848F2B51129
:103E2000C1F64E31A0FB0110800A0A900F98806DF8
:103E300009900F98806D0890099800680E90089876
:103E400000680D900F98016801201022C4F2020250
:103E50009142079000F0A380FFE70F9801680120CE
:103E60002822C4F202029142079000F09880FFE7F6
:103E70000F98016801204022C4F20202914207908B
:103E800000F08D80FFE70F98016801205822C4F2EE
:103E900002029142079000F08280FFE70F980168CC
:103EA00001207022C4F202029142079077D0FFE70E
:103EB0000F98016801208822C4F202029142079003
:103EC0006DD0FFE70F9801680120A022C4F2020222
:103ED0009142079063D0FFE70F9801680120B82254
:103EE000C4F202029142079059D0FFE70F9801688F
:103EF000012040F21042C4F20202914207904ED0DB
:103F0000FFE70F980168012040F22842C4F2020244
:103F10009142079043D0FFE70F980168012040F2DB
:103F20004042C4F202029142079038D0FFE70F9856
:103F30000168012040F25842C4F202029142079007
:103F40002DD0FFE70F980168012040F27042C4F2C3
:103F500002029142079022D0FFE70F9801680120EA
:103F600040F28842C4F202029142079017D0FFE764
:103F70000F980168012040F2A042C4F2020291426F
:103F800007900CD0FFE70F9800684FF64831CBF64A
:103F9000FD710844B0FA80F040090790FFE70798E8
:103FA000C007002800F01385FFE70E980F99C96D30
:103FB00001F01F01C8400007002840F1B080FFE772
:103FC0000F9800681021C4F20201884200F081803D
:103FD000FFE70F9800682821C4F20201884278D0D8
:103FE000FFE70F9800684021C4F20201884270D0B8
:103FF000FFE70F9800685821C4F20201884268D098
:10400000FFE70F9800687021C4F20201884260D077
:10401000FFE70F9800688821C4F20201884258D057
:10402000FFE70F980068A021C4F20201884250D037
:10403000FFE70F980068B821C4F20201884248D017
:10404000FFE70F98006840F21041C4F20201884275
:104050003FD0FFE70F98006840F22841C4F2020108
:10406000884236D0FFE70F98006840F24041C4F222
:10407000020188422DD0FFE70F98006840F25841B6
:10408000C4F20201884224D0FFE70F98006840F292
:104090007041C4F2020188421BD0FFE70F9800680C
:1040A00040F28841C4F20201884212D0FFE70F9823
:1040B000006840F2A041C4F20201884209D0FFE743
:1040C0000F98006840F2B841C4F20201884207D15B
:1040D000FFE70F980068006800F00400069006E013
:1040E0000F980068006800F008000690FFE7069847
:1040F000A0B1FFE70F980168086820F0040008608D
:104100000F98C06D00F01F01082088400999886051
:104110000F99486D40F001004865FFE7FFE70E98F2
:104120000F99C96D01F01F01C840C007002800F0B9
:10413000A980FFE70F9800681021C4F202018842AD
:1041400000F08180FFE70F9800682821C4F2020187
:10415000884278D0FFE70F9800684021C4F202013E
:10416000884270D0FFE70F9800685821C4F202011E
:10417000884268D0FFE70F9800687021C4F20201FE
:10418000884260D0FFE70F9800688821C4F20201DE
:10419000884258D0FFE70F980068A021C4F20201BE
:1041A000884250D0FFE70F980068B821C4F202019E
:1041B000884248D0FFE70F98006840F21041C4F2EF
:1041C000020188423FD0FFE70F98006840F2284183
:1041D000C4F20201884236D0FFE70F98006840F22F
:1041E0004041C4F2020188422DD0FFE70F980068D9
:1041F00040F25841C4F20201884224D0FFE70F98F0
:10420000006840F27041C4F2020188421BD0FFE70F
:104210000F98006840F28841C4F20201884212D02F
:10422000FFE70F98006840F2A041C4F20201884203
:1042300009D0FFE70F98006840F2B841C4F20201CC
:10424000884207D1FFE70F980068406900F08000BE
:10425000059005E00F980068006800200590FFE7D2
:10426000059870B1FFE70F98C06D00F01F010120A5
:104270008840099988600F99486D40F002004865B0
:10428000FFE7FFE70E980F99C96D01F01F01C840C5
:104290004007002840F1A980FFE70F98006810212F
:1042A000C4F20201884200F08180FFE70F980068A5
:1042B0002821C4F20201884278D0FFE70F980068F5
:1042C0004021C4F20201884270D0FFE70F980068D5
:1042D0005821C4F20201884268D0FFE70F980068B5
:1042E0007021C4F20201884260D0FFE70F98006895
:1042F0008821C4F20201884258D0FFE70F98006875
:10430000A021C4F20201884250D0FFE70F98006854
:10431000B821C4F20201884248D0FFE70F98006834
:1043200040F21041C4F2020188423FD0FFE70F98EB
:10433000006840F22841C4F20201884236D0FFE70B
:104340000F98006840F24041C4F2020188422DD02B
:10435000FFE70F98006840F25841C4F2020188421A
:1043600024D0FFE70F98006840F27041C4F20201C8
:1043700088421BD0FFE70F98006840F28841C4F2E2
:104380000201884212D0FFE70F98006840F2A04176
:10439000C4F20201884209D0FFE70F98006840F29A
:1043A000B841C4F20201884207D1FFE70F980068C4
:1043B000006800F00200049005E00F9800680068B3
:1043C00000200490FFE7049870B1FFE70F98C06DDC
:1043D00000F01F0104208840099988600F99486DFA
:1043E00040F004004865FFE7FFE70E980F99C96D9C
:1043F00001F01F01C840C006002840F1DE80FFE741
:104400000F9800681021C4F20201884200F08180F8
:10441000FFE70F9800682821C4F20201884278D093
:10442000FFE70F9800684021C4F20201884270D073
:10443000FFE70F9800685821C4F20201884268D053
:10444000FFE70F9800687021C4F20201884260D033
:10445000FFE70F9800688821C4F20201884258D013
:10446000FFE70F980068A021C4F20201884250D0F3
:10447000FFE70F980068B821C4F20201884248D0D3
:10448000FFE70F98006840F21041C4F20201884231
:104490003FD0FFE70F98006840F22841C4F20201C4
:1044A000884236D0FFE70F98006840F24041C4F2DE
:1044B000020188422DD0FFE70F98006840F2584172
:1044C000C4F20201884224D0FFE70F98006840F24E
:1044D0007041C4F2020188421BD0FFE70F980068C8
:1044E00040F28841C4F20201884212D0FFE70F98DF
:1044F000006840F2A041C4F20201884209D0FFE7FF
:104500000F98006840F2B841C4F20201884207D116
:10451000FFE70F980068006800F00800039006E0CD
:104520000F980068006800F004000390FFE703980C
:10453000002841D0FFE70F98C06D00F01F01102048
:104540008840099988600F98006800684003002837
:104550001AD5FFE70F98006800680003002809D407
:10456000FFE70F98006C20B1FFE70F98016C8847B8
:10457000FFE708E00F98806C20B1FFE70F98816C8F
:104580008847FFE7FFE716E00F9800680068C0055E
:10459000002807D4FFE70F980168086820F008009A
:1045A0000860FFE70F98006C20B1FFE70F98016CDF
:1045B0008847FFE7FFE7FFE7FFE70E980F99C96D10
:1045C00001F01F01C8408006002840F12681FFE766
:1045D0000F9800681021C4F20201884200F0818027
:1045E000FFE70F9800682821C4F20201884278D0C2
:1045F000FFE70F9800684021C4F20201884270D0A2
:10460000FFE70F9800685821C4F20201884268D081
:10461000FFE70F9800687021C4F20201884260D061
:10462000FFE70F9800688821C4F20201884258D041
:10463000FFE70F980068A021C4F20201884250D021
:10464000FFE70F980068B821C4F20201884248D001
:10465000FFE70F98006840F21041C4F2020188425F
:104660003FD0FFE70F98006840F22841C4F20201F2
:10467000884236D0FFE70F98006840F24041C4F20C
:10468000020188422DD0FFE70F98006840F25841A0
:10469000C4F20201884224D0FFE70F98006840F27C
:1046A0007041C4F2020188421BD0FFE70F980068F6
:1046B00040F28841C4F20201884212D0FFE70F980D
:1046C000006840F2A041C4F20201884209D0FFE72D
:1046D0000F98006840F2B841C4F20201884207D145
:1046E000FFE70F980068006800F01000029006E0F5
:1046F0000F980068006800F002000290FFE702983F
:10470000002800F08980FFE70F98C06D00F01F01BE
:1047100020208840099988600F9890F83500042877
:1047200037D1FFE70F980168086820F0160008608D
:104730000F980168486920F0800048610F98006C6C
:1047400020B9FFE70F98806C38B1FFE70F98016838
:10475000086820F008000860FFE70F98C06D00F0BF
:104760001F013F208840099988600F99012081F836
:104770003500FFE70F99002081F83400FFE70F981C
:10478000006D20B1FFE70F98016D8847FFE700F04B
:1047900019BC0F9800680068400300281AD5FFE78D
:1047A0000F98006800680003002809D4FFE70F98FD
:1047B000406C20B1FFE70F98416C8847FFE708E0A5
:1047C0000F98C06B20B1FFE70F98C16B8847FFE7D8
:1047D000FFE720E00F9800680068C005002811D4AA
:1047E000FFE70F980168086820F0100008600F9933
:1047F000012081F83500FFE70F99002081F834008F
:10480000FFE7FFE70F98C06B20B1FFE70F98C16B80
:104810008847FFE7FFE7FFE7FFE70F98406D0028B5
:1048200000F0D480FFE70F98406DC007002800F02B
:10483000C480FFE70F99042081F835000F980068C5
:104840001021C4F20201884200F08180FFE70F9836
:1048500000682821C4F20201884278D0FFE70F984F
:1048600000684021C4F20201884270D0FFE70F982F
:1048700000685821C4F20201884268D0FFE70F980F
:1048800000687021C4F20201884260D0FFE70F98EF
:1048900000688821C4F20201884258D0FFE70F98CF
:1048A0000068A021C4F20201884250D0FFE70F98AF
:1048B0000068B821C4F20201884248D0FFE70F988F
:1048C000006840F21041C4F2020188423FD0FFE785
:1048D0000F98006840F22841C4F20201884236D0A5
:1048E000FFE70F98006840F24041C4F2020188429D
:1048F0002DD0FFE70F98006840F25841C4F2020142
:10490000884224D0FFE70F98006840F27041C4F25B
:10491000020188421BD0FFE70F98006840F28841EF
:10492000C4F20201884212D0FFE70F98006840F2FB
:10493000A041C4F20201884209D0FFE70F98006845
:1049400040F2B841C4F20201884207D1FFE70F9854
:104950000168086820F00100086006E00F9801680F
:10496000086820F001000860FFE7FFE70B980130BE
:104970000B900A99884201D9FFE707E0FFE70F98FB
:1049800000680068C0070028F0D1FFE70F980068B2
:104990000068C00728B1FFE70F99032081F83500B0
:1049A00004E00F99012081F83500FFE7FFE70F9938
:1049B000002081F83400FFE7FFE70F98C06C20B1BA
:1049C000FFE70F98C16C8847FFE7FFE7FAE20F980F
:1049D0000168012045F20842C5F6020291420190A9
:1049E0004ED0FFE70F980168012045F21C42C5F642
:1049F00002029142019043D0FFE70F980168012025
:104A000045F23042C5F602029142019038D0FFE7EC
:104A10000F980168012045F24442C5F60202914216
:104A200001902DD0FFE70F980168012045F2584210
:104A3000C5F602029142019022D0FFE70F9801686B
:104A4000012045F26C42C5F602029142019017D056
:104A5000FFE70F980168012045F28042C5F6020287
:104A6000914201900CD0FFE70F9800684AF66C3134
:104A7000CAF2FD710844B0FA80F040090190FFE7E6
:104A80000198C007002800F09B82FFE70F9800689C
:104A900000680C900D980F99C96D01F01F01C84076
:104AA0004007002840F1D780FFE79DF8300040071D
:104AB000002840F1D080FFE70F98C06D00F01F0183
:104AC00004208840089948609DF8310000060028BD
:104AD00018D5FFE79DF83200C00748B9FFE70F98E7
:104AE000806C20B1FFE70F98816C8847FFE708E0F2
:104AF0000F98006C20B1FFE70F98016C8847FFE723
:104B0000FFE7A7E09DF830008006002800F19980BB
:104B1000FFE70F9800681021C4F20201884200F0FC
:104B20008180FFE70F9800682821C4F202018842C3
:104B300078D0FFE70F9800684021C4F20201884254
:104B400070D0FFE70F9800685821C4F20201884234
:104B500068D0FFE70F9800687021C4F20201884214
:104B600060D0FFE70F9800688821C4F202018842F4
:104B700058D0FFE70F980068A021C4F202018842D4
:104B800050D0FFE70F980068B821C4F202018842B4
:104B900048D0FFE70F98006840F21041C4F20201CC
:104BA00088423FD0FFE70F98006840F22841C4F2E6
:104BB0000201884236D0FFE70F98006840F240417A
:104BC000C4F2020188422DD0FFE70F98006840F23E
:104BD0005841C4F20201884224D0FFE70F980068D0
:104BE00040F27041C4F2020188421BD0FFE70F98E7
:104BF000006840F28841C4F20201884212D0FFE707
:104C00000F98006840F2A041C4F20201884209D026
:104C1000FFE70F98006840F2B841C4F202018842F1
:104C200007D1FFE70F980168086820F008000860C6
:104C300006E00F980168086820F004000860FFE7AC
:104C4000FFE70F98006C20B1FFE70F98016C8847D1
:104C5000FFE7FFE7B3E10D980F99C96D01F01F0160
:104C6000C8408007002840F1E180FFE79DF8300050
:104C70008007002840F1DA80FFE70F98C06D00F050
:104C80001F0102208840089948609DF83100000605
:104C9000002818D5FFE79DF83200C00748B9FFE7A4
:104CA0000F98406C20B1FFE70F98416C8847FFE7F1
:104CB00008E00F98C06B20B1FFE70F98C16B8847E1
:104CC000FFE7FFE7B1E09DF830008006002800F123
:104CD000A380FFE70F9800681021C4F20201884208
:104CE00000F08180FFE70F9800682821C4F20201DC
:104CF000884278D0FFE70F9800684021C4F2020193
:104D0000884270D0FFE70F9800685821C4F2020172
:104D1000884268D0FFE70F9800687021C4F2020152
:104D2000884260D0FFE70F9800688821C4F2020132
:104D3000884258D0FFE70F980068A021C4F2020112
:104D4000884250D0FFE70F980068B821C4F20201F2
:104D5000884248D0FFE70F98006840F21041C4F243
:104D6000020188423FD0FFE70F98006840F22841D7
:104D7000C4F20201884236D0FFE70F98006840F283
:104D80004041C4F2020188422DD0FFE70F9800682D
:104D900040F25841C4F20201884224D0FFE70F9844
:104DA000006840F27041C4F2020188421BD0FFE764
:104DB0000F98006840F28841C4F20201884212D084
:104DC000FFE70F98006840F2A041C4F20201884258
:104DD00009D0FFE70F98006840F2B841C4F2020121
:104DE000884207D1FFE70F980168086820F0140097
:104DF000086006E00F980168086820F00A00086063
:104E0000FFE70F99012081F83500FFE70F99002097
:104E100081F83400FFE7FFE70F98C06B20B1FFE790
:104E20000F98C16B8847FFE7FFE7C7E00D980F9920
:104E3000C96D01F01F01C8400007002840F1BC8087
:104E4000FFE79DF830000007002840F1B580FFE73C
:104E50000F9800681021C4F20201884200F081809E
:104E6000FFE70F9800682821C4F20201884278D039
:104E7000FFE70F9800684021C4F20201884270D019
:104E8000FFE70F9800685821C4F20201884268D0F9
:104E9000FFE70F9800687021C4F20201884260D0D9
:104EA000FFE70F9800688821C4F20201884258D0B9
:104EB000FFE70F980068A021C4F20201884250D099
:104EC000FFE70F980068B821C4F20201884248D079
:104ED000FFE70F98006840F21041C4F202018842D7
:104EE0003FD0FFE70F98006840F22841C4F202016A
:104EF000884236D0FFE70F98006840F24041C4F284
:104F0000020188422DD0FFE70F98006840F2584117
:104F1000C4F20201884224D0FFE70F98006840F2F3
:104F20007041C4F2020188421BD0FFE70F9800686D
:104F300040F28841C4F20201884212D0FFE70F9884
:104F4000006840F2A041C4F20201884209D0FFE7A4
:104F50000F98006840F2B841C4F20201884207D1BC
:104F6000FFE70F980168086820F01C00086006E061
:104F70000F980168086820F00E000860FFE70F989E
:104F8000C06D00F01F01012000FA01F1089A516084
:104F90000F9948650F9981F83500FFE70F990020B8
:104FA00081F83400FFE70F98C06C20B1FFE70F983D
:104FB000C16C8847FFE700E0FFE7FFE7FFE700E09D
:104FC000FFE7FFE710B080BD80B58EB00C9002F017
:104FD000BFFC0A900C9828B9FFE701208DF8370034
:104FE00000F09FBC0C98016801201022C4F202025C
:104FF0009142079000F0A380FFE70C980168012020
:105000002822C4F202029142079000F09880FFE744
:105010000C98016801204022C4F2020291420790DC
:1050200000F08D80FFE70C98016801205822C4F23F
:1050300002029142079000F08280FFE70C9801681D
:1050400001207022C4F202029142079077D0FFE75C
:105050000C98016801208822C4F202029142079054
:105060006DD0FFE70C9801680120A022C4F2020273
:105070009142079063D0FFE70C9801680120B822A5
:10508000C4F202029142079059D0FFE70C980168E0
:10509000012040F21042C4F20202914207904ED029
:1050A000FFE70C980168012040F22842C4F2020296
:1050B0009142079043D0FFE70C980168012040F22D
:1050C0004042C4F202029142079038D0FFE70C98A8
:1050D0000168012040F25842C4F202029142079056
:1050E0002DD0FFE70C980168012040F27042C4F215
:1050F00002029142079022D0FFE70C98016801203C
:1051000040F28842C4F202029142079017D0FFE7B2
:105110000C980168012040F2A042C4F202029142C0
:1051200007900CD0FFE70C9800684FF64831CBF69B
:10513000FD710844B0FA80F040090790FFE7079836
:10514000C007002800F07881FFE70C98406A08B19A
:10515000FFE7FFE70C99022081F83500FFE70C9983
:10516000002081F83400FFE70C9800681021C4F299
:105170000201884200F08180FFE70C980068282136
:10518000C4F20201884278D0FFE70C980068402101
:10519000C4F20201884270D0FFE70C9800685821E1
:1051A000C4F20201884268D0FFE70C9800687021C1
:1051B000C4F20201884260D0FFE70C9800688821A1
:1051C000C4F20201884258D0FFE70C980068A02181
:1051D000C4F20201884250D0FFE70C980068B82161
:1051E000C4F20201884248D0FFE70C98006840F200
:1051F0001041C4F2020188423FD0FFE70C980068DA
:1052000040F22841C4F20201884236D0FFE70C98F0
:10521000006840F24041C4F2020188422DD0FFE70D
:105220000C98006840F25841C4F20201884224D030
:10523000FFE70C98006840F27041C4F20201884216
:105240001BD0FFE70C98006840F28841C4F20201CD
:10525000884212D0FFE70C98006840F2A041C4F2E7
:105260000201884209D0FFE70C98006840F2B8417B
:10527000C4F20201884207D1FFE70C980168086870
:1052800020F00100086006E00C980168086820F032
:1052900001000860FFE7FFE70C9800680068C0079E
:1052A00098B1FFE702F054FB0A99401A06280BD385
:1052B000FFE70C99202048650C99032081F8350000
:1052C00001208DF837002CE3E6E70C9800680068B1
:1052D0000B900B9848F23F01CFF6106108400B90FD
:1052E0000C998868D1F80CC00B694A6940EA0C0037
:1052F000184310438A691043CA691043096A01437D
:105300000B9808430B900C98406A042808D1FFE7DB
:105310000C99C86A096B01430B9808430B90FFE78F
:105320000C984068292807D3FFE70C9841680120B2
:105330002F29069036D3FFE70C9840683F2807D303
:10534000FFE70C9841680120432906902AD3FFE724
:105350000C984068472807D3FFE70C984168012064
:10536000492906901ED3FFE70C9840684F2807D3C1
:10537000FFE70C98416801205329069012D3FFE7FC
:105380000C98416800207429059008D3FFE70C9819
:1053900041680020782938BF01200590FFE7059873
:1053A0000690FFE70698C00728B1FFE70B9840F486
:1053B00080100B90FFE70B980C99096808600C9817
:1053C000006840690B900B9820F007000B900C9838
:1053D000416A0B9808430B900C98406A04281AD134
:1053E000FFE70C98816A0B9808430B900C98C06AF1
:1053F00080B1FFE70C98FCF70BFE50B1FFE70C996A
:10540000402048650C99012081F835008DF837005F
:1054100087E2FFE7FFE70B980C99096848610C9851
:10542000FCF7BAFB09900C98C06D00F01F013F20FB
:1054300088400999886027E10C980168012045F2AD
:105440000842C5F60202914204904ED0FFE70C9844
:105450000168012045F21C42C5F602029142049007
:1054600043D0FFE70C980168012045F23042C5F6B1
:1054700002029142049038D0FFE70C9801680120A5
:1054800045F24442C5F60202914204902DD0FFE756
:105490000C980168012045F25842C5F6020291427B
:1054A000049022D0FFE70C980168012045F26C427D
:1054B000C5F602029142049017D0FFE70C980168EC
:1054C000012045F28042C5F60202914204900CD0C0
:1054D000FFE70C9800684AF66C31CAF2FD71084487
:1054E000B0FA80F040090490FFE70498C007002854
:1054F00000F0BE80FFE70C980168012045F20842E9
:10550000C5F60202914203904ED0FFE70C98016865
:10551000012045F21C42C5F602029142039043D09D
:10552000FFE70C980168012045F23042C5F60202FF
:105530009142039038D0FFE70C980168012045F2B2
:105540004442C5F60202914203902DD0FFE70C9829
:105550000168012045F25842C5F6020291420390CB
:1055600022D0FFE70C980168012045F26C42C5F695
:1055700002029142039017D0FFE70C9801680120C6
:1055800045F28042C5F60202914203900CD0FFE73B
:105590000C9800684AF66C31CAF2FD710844B0FA02
:1055A00080F040090390FFE70398C00708B1FFE7C8
:1055B000FFE70C99022081F83500FFE70C990020E5
:1055C00081F83400FFE70C98006800680B900B9896
:1055D0006FF310100B900C988068402803D1FFE700
:1055E0001020029008E00C9880688038B0FA80F0B3
:1055F000400980030290FFE702980C99D1F80CE073
:10560000D1F810C04B698A6940EADE0040EADC004C
:1056100040EAD30040EAD200CA6940EAD200096AEF
:1056200040EA11110B9808430B900B980C990968EC
:1056300008600C9908684AF6F832CAF2FD72104404
:105640004CF6CD42CCF6CC42A0FB02026FF0030038
:1056500000EA9200C8650C98FCF79EFA08900C9836
:10566000C06D00F01F0101208840089948600AE0E1
:105670000C99402048650C99032081F835000120E1
:105680008DF837004DE1FFE70C98016801201022EA
:10569000C4F202029142019000F00381FFE70C98EE
:1056A000016801202822C4F202029142019000F018
:1056B000F880FFE70C98016801204022C4F2020242
:1056C0009142019000F0ED80FFE70C980168012005
:1056D0005822C4F202029142019000F0E280FFE7FA
:1056E0000C98016801207022C4F2020291420190DC
:1056F00000F0D780FFE70C98016801208822C4F2EF
:1057000002029142019000F0CC80FFE70C98016802
:105710000120A022C4F202029142019000F0C18057
:10572000FFE70C9801680120B822C4F202029142FE
:10573000019000F0B680FFE70C980168012040F26C
:105740001042C4F202029142019000F0AA80FFE7E9
:105750000C980168012040F22842C4F202029142F2
:10576000019000F09E80FFE70C980168012040F254
:105770004042C4F202029142019000F09280FFE7A1
:105780000C980168012040F25842C4F20202914292
:10579000019000F08680FFE70C980168012040F23C
:1057A0007042C4F20202914201907AD0FFE70C9855
:1057B0000168012040F28842C4F202029142019045
:1057C0006FD0FFE70C980168012040F2A042C4F2BC
:1057D00002029142019064D0FFE70C980168012019
:1057E00040F2B842C4F202029142019059D0FFE760
:1057F0000C980168012045F20842C5F60202914268
:1058000001904ED0FFE70C980168012045F21C4240
:10581000C5F602029142019043D0FFE70C9801685F
:10582000012045F23042C5F602029142019038D083
:10583000FFE70C980168012045F24442C5F60202D8
:10584000914201902DD0FFE70C980168012045F2AC
:105850005842C5F602029142019022D0FFE70C980F
:105860000168012045F26C42C5F6020291420190A6
:1058700017D0FFE70C980168012045F28042C5F679
:105880000202914201900CD0FFE70C9800684AF6A2
:105890006C31CAF2FD710844B0FA80F04009019001
:1058A000FFE70198C00790B3FFE70C98FCF75CFA9C
:1058B0000C988068802804D1FFE70C99002048608C
:1058C000FFE70C990879096E08600C98416E806EAC
:1058D00048600C98406888B1FFE70C984068082839
:1058E0000CD8FFE70C98FCF7FBFA0C98C16E00206F
:1058F00008600C98016F406F486007E00C99002029
:10590000C8660C9908670C994867FFE7FFE70C9990
:10591000002048650C9A012182F835108DF8370077
:10592000FFE79DF837000EB080BD000000000000CA
:1059300080B588B0069005910492039300208DF8FD
:105940000B00069820B9FFE701208DF81F006CE3DB
:10595000FFE7069890F83400012804D1FFE7022001
:105960008DF81F0061E30699012081F83400FFE7FC
:10597000FFE7069890F83500012840F04383FFE7E1
:105980000699022081F8350006990020486506989E
:1059900000681021C4F20201884200F08180FFE714
:1059A000069800682821C4F20201884278D0FFE7F7
:1059B000069800684021C4F20201884270D0FFE7D7
:1059C000069800685821C4F20201884268D0FFE7B7
:1059D000069800687021C4F20201884260D0FFE797
:1059E000069800688821C4F20201884258D0FFE777
:1059F00006980068A021C4F20201884250D0FFE757
:105A000006980068B821C4F20201884248D0FFE736
:105A10000698006840F21041C4F2020188423FD06B
:105A2000FFE70698006840F22841C4F2020188426C
:105A300036D0FFE70698006840F24041C4F2020108
:105A400088422DD0FFE70698006840F25841C4F222
:105A50000201884224D0FFE70698006840F27041B6
:105A6000C4F2020188421BD0FFE70698006840F2AA
:105A70008841C4F20201884212D0FFE7069800680C
:105A800040F2A041C4F20201884209D0FFE7069823
:105A9000006840F2B841C4F20201884207D1FFE732
:105AA00006980168086820F00100086006E0069882
:105AB0000168086820F001000860FFE70698059972
:105AC000049A039BFCF71CFB069801680120102236
:105AD000C4F202029142019000F0A380FFE7069811
:105AE000016801202822C4F202029142019000F0D4
:105AF0009880FFE70698016801204022C4F2020264
:105B00009142019000F08D80FFE706980168012026
:105B10005822C4F202029142019000F08280FFE715
:105B20000698016801207022C4F20202914201909D
:105B300077D0FFE70698016801208822C4F20202AC
:105B4000914201906DD0FFE7069801680120A022E4
:105B5000C4F202029142019063D0FFE70698016807
:105B60000120B822C4F202029142019059D0FFE70D
:105B700006980168012040F21042C4F202029142EC
:105B800001904ED0FFE706980168012040F22842BC
:105B9000C4F202029142019043D0FFE706980168E7
:105BA000012040F24042C4F202029142019038D0FA
:105BB000FFE706980168012040F25842C4F2020251
:105BC000914201902DD0FFE706980168012040F234
:105BD0007042C4F202029142019022D0FFE706987F
:105BE0000168012040F28842C4F202029142019011
:105BF00017D0FFE706980168012040F2A042C4F2E6
:105C00000202914201900CD0FFE7069800684FF61F
:105C10004831CBF6FD710844B0FA80F0400901909C
:105C2000FFE70198C007A8B1FFE706980068006881
:105C30000B2161F344000699096808600698006C1E
:105C400038B1FFE706980168086840F0080008606E
:105C5000FFE714E0069800680068052161F343003F
:105C60000699096808600698006C38B1FFE7069845
:105C70000168086840F004000860FFE7FFE7069845
:105C8000016801201022C4F202029142009000F04B
:105C90000381FFE70698016801202822C4F202026E
:105CA0009142009000F0F880FFE70698016801201B
:105CB0004022C4F202029142009000F0ED80FFE722
:105CC0000698016801205822C4F202029142009015
:105CD00000F0E280FFE70698016801207022C4F21C
:105CE00002029142009000F0D780FFE70698016819
:105CF00001208822C4F202029142009000F0CC8080
:105D0000FFE7069801680120A022C4F20202914236
:105D1000009000F0C180FFE7069801680120B822DA
:105D2000C4F202029142009000F0B680FFE70698AC
:105D30000168012040F21042C4F202029142009038
:105D400000F0AA80FFE706980168012040F228428F
:105D5000C4F202029142009000F09E80FFE7069894
:105D60000168012040F24042C4F2020291420090D8
:105D700000F09280FFE706980168012040F2584247
:105D8000C4F202029142009000F08680FFE706987C
:105D90000168012040F27042C4F202029142009078
:105DA0007AD0FFE706980168012040F28842C4F2E9
:105DB0000202914200906FD0FFE70698016801202F
:105DC00040F2A042C4F202029142009064D0FFE788
:105DD00006980168012040F2B842C4F202029142E2
:105DE000009059D0FFE706980168012045F208426B
:105DF000C5F60202914200904ED0FFE70698016876
:105E0000012045F21C42C5F602029142009043D0A7
:105E1000FFE706980168012045F23042C5F602020C
:105E20009142009038D0FFE706980168012045F2C2
:105E30004442C5F60202914200902DD0FFE7069839
:105E40000168012045F25842C5F6020291420090D5
:105E500022D0FFE706980168012045F26C42C5F6A2
:105E600002029142009017D0FFE7069801680120D6
:105E700045F28042C5F60202914200900CD0FFE745
:105E8000069800684AF66C31CAF2FD710844B0FA0F
:105E900080F040090090FFE70098C007D0B1FFE70D
:105EA0000698006E0068C003002807D5FFE7069833
:105EB000016E086840F480700860FFE70698C06EC5
:105EC00038B1FFE70698C16E086840F4807008603A
:105ED000FFE7FFE7069800681021C4F2020188423C
:105EE00000F08180FFE7069800682821C4F20201D3
:105EF000884278D0FFE7069800684021C4F202018A
:105F0000884270D0FFE7069800685821C4F2020169
:105F1000884268D0FFE7069800687021C4F2020149
:105F2000884260D0FFE7069800688821C4F2020129
:105F3000884258D0FFE706980068A021C4F2020109
:105F4000884250D0FFE706980068B821C4F20201E9
:105F5000884248D0FFE70698006840F21041C4F23A
:105F6000020188423FD0FFE70698006840F22841CE
:105F7000C4F20201884236D0FFE70698006840F27A
:105F80004041C4F2020188422DD0FFE70698006824
:105F900040F25841C4F20201884224D0FFE706983B
:105FA000006840F27041C4F2020188421BD0FFE752
:105FB0000698006840F28841C4F20201884212D07B
:105FC000FFE70698006840F2A041C4F2020188424F
:105FD00009D0FFE70698006840F2B841C4F2020118
:105FE000884207D1FFE706980168086840F0010081
:105FF000086006E006980168086840F00100086043
:10600000FFE70DE006994FF400604865FFE7069949
:10601000002081F83400FFE701208DF80B00FFE736
:106020009DF80B008DF81F00FFE79DF81F0008B0DA
:1060300080BD00000000000080B584B0039001F036
:1060400087FC0290039801900198013048B1FFE766
:1060500040F27C00C2F200400178019808440190AF
:10606000FFE7FFE701F074FC0299401A01998842AA
:1060700001D2FFE7F6E704B080BD00000000000099
:1060800085B0039002910192039890F898008DF8E2
:1060900003009DF80300012805D0FFE79DF80300E9
:1060A00002285DD1FFE7029803990968896D0842CB
:1060B00007D1FFE703980168C86D40F00100C8658B
:1060C00015E0029803990968896D08400299884291
:1060D00007D1FFE703980168C86D40F00200C8656A
:1060E00004E0039801680320C865FFE7FFE79DF817
:1060F00009008007002809D5FFE7019A0398016885
:10610000D1F8E0001043C1F8E000FFE79DF8090076
:106110004007002809D5FFE7019A03980168D1F8E4
:10612000E4001043C1F8E400FFE7FFE702984FF6F0
:10613000FF71C3F6CF7100EA010203980168486D50
:1061400010434865029A4AF61401C4F20001086837
:1061500040EA92700860FFE700208DF813000AE023
:106160000399D1F89C0040F00200C1F89C00012086
:106170008DF81300FFE79DF8130005B0704700008D
:1061800080B586B00490039102920398406808B9E4
:10619000FFE700E0FFE7049890F89800022845D157
:1061A000FFE704980068D0F8C00010F07C5F0BD1C6
:1061B000FFE70499D1F89C0040F02000C1F89C0052
:1061C00001208DF817003CE004980068D0F8C40066
:1061D000800200280BD5FFE70499D1F89C0040F419
:1061E0000070C1F89C0001208DF8170029E0049888
:1061F0000068D0F8C400C0F30440019004980399EB
:10620000029A019BFCF790FD0199012000FA01F12F
:10621000049A1268C2F8D010019988400499C1F814
:106220009400FFE700208DF817000AE00499D1F8E8
:106230009C0040F00800C1F89C0001208DF8170078
:10624000FFE79DF8170006B080BD000000000000C9
:1062500082B00190009102B0704700000000000081
:1062600087B005900491059890F898008DF8030088
:106270009DF80300012805D0FFE79DF803000228E0
:106280006AD1FFE70498C068072801D1FFE7FFE75C
:106290000498006878BBFFE70498C068072801D01D
:1062A000FFE7FFE70498C06807280CD1FFE7049ACE
:1062B00010699169D269000440EA0220084340F065
:1062C000605003900CE004998868CB680A694969BA
:1062D000800740EAC36040EA024008430390FFE7BA
:1062E0000598C06E0499496800EB810001900398FD
:1062F000019908602CE00498C068072801D0FFE7E6
:10630000FFE70498C168006940EA4170039004986F
:10631000C068072804D1FFE704988069029006E06E
:1063200004988168406940EA81700290FFE705980F
:10633000006F0499496800EBC1000190039801992E
:106340000860019804300190029801990860FFE705
:1063500000208DF81B000AE00599D1F89C0040F060
:106360000200C1F89C0001208DF81B00FFE79DF89A
:106370001B0007B07047000081B0009001B070476B
:1063800082B00190009102B0704700000000000050
:106390008AB0089007910692059300200190089812
:1063A00090F898008DF803009DF80300022840F053
:1063B0005C81FFE70798402851D1FFE70898006803
:1063C000D0F8A00010F4FE0F0BD1FFE70899D1F828
:1063D0009C0040F02000C1F89C0001208DF82700AF
:1063E0004EE108980068D0F8A400400658B9FFE7CD
:1063F0000899D1F89C0040F48070C1F89C000120FD
:106400008DF827003CE108980068D0F8A40000F05F
:1064100080710120B0EB116F0DD1FFE70898006883
:10642000D0F8A0100120B0EBD17F03D1FFE701200D
:106430000190FFE7FFE708980068D0F8A40000F497
:106440007C51019800EB112001900898426C406F3C
:106450000199514300EB81000490FFE770E0079839
:10646000412851D1FFE708980068D0F8B00010F437
:10647000FE0F0BD1FFE70899D1F89C0040F02000F7
:10648000C1F89C0001208DF82700F9E00898006809
:10649000D0F8B400400658B9FFE70899D1F89C003D
:1064A00040F48070C1F89C0001208DF82700E7E0DF
:1064B00008980068D0F8B40000F080710120B0EBBB
:1064C000116F0DD1FFE708980068D0F8B0100120D7
:1064D000B0EBD17F03D1FFE701200190FFE7FFE799
:1064E00008980068D0F8B40000F47C51019800EBE3
:1064F000112001900898C26C806F0199514300EB04
:1065000081000490FFE71AE007980899096D884216
:106510000BD3FFE70899D1F89C0040F02000C1F8A8
:106520009C0001208DF82700AAE00898426DC06FFA
:106530000799514300EB81000490FFE7FFE7FFE775
:106540000498006800F0804006994860069840680A
:1065500038B9FFE704980068C0F38A4006990860DC
:1065600006E00498006820F0604006990860FFE7A4
:106570000498006800F0005006998860049800684C
:1065800000F00040069908610498043004900498D3
:1065900000880699C86104980068C0F30340069912
:1065A000C8600498006800F4801006994861049857
:1065B000006800F400100699886104980068C0F330
:1065C00006600699086204980068C00F0699486240
:1065D0000498043004900498039000200290FFE790
:1065E00002980699CA6848F29011C0F60101895CC8
:1065F00088420AD2FFE70398029A805C0599885482
:10660000FFE7029801300290EAE70798402806D198
:10661000FFE7019808990968C1F8A80021E00798E8
:10662000412806D1FFE7019808990968C1F8B80028
:1066300016E007981F2808D8FFE70799012088402F
:1066400008990968C1F8980009E0079800F01F014F
:106650000120884008990968C1F89C00FFE7FFE71E
:10666000FFE700208DF827000AE00899D1F89C0088
:1066700040F00800C1F89C0001208DF82700FFE7DA
:106680009DF827000AB0704781B0009001B07047B4
:1066900080B594B013904AF61000C4F20000006870
:1066A000800712904AF61400C4F2000001681298A4
:1066B00000EA8170129013980068006D00F4704039
:1066C000119013980068416D11980840119013982B
:1066D0000068006D00F00F00109013980068416D85
:1066E00010980840109013980068006D00F0F000BA
:1066F0000F9013980068416D0F9808400F90139801
:106700000068006D00F071500E9013980068416DA4
:106710000E9808400E9013980068006D00F06070AD
:106720000D9013980068416D0D9808400D901398D6
:106730000068406D039013980068006D01909DF80B
:106740000D00C007B8B1FFE79DF80500C00788B18C
:10675000FFE7FFE7139801684FF4807008654AF679
:106760001001C4F2000100200860FFE71398FFF752
:106770008BFFFFE7FFE79DF80D0000F0040100200C
:10678000B0EB910F28D0FFE79DF8050000F0040161
:106790000020B0EB910F1ED0FFE713980068D0F8EF
:1067A000DC000B9013980068D0F8E4100B980840B8
:1067B0000B90FFE7139801684FF4806008654AF674
:1067C0001001C4F2000100200860FFE713980B9944
:1067D00000F0B6FEFFE7FFE71298B8B1FFE7FFE76A
:1067E00012984FF6FF71C3F6CF71084013990968EC
:1067F00008651298800F4AF61001C4F20001086083
:10680000FFE713981299FFF723FDFFE71198B8B13E
:10681000FFE7FFE711984FF6FF71C3F6CF7108400D
:106820001399096808651198800F4AF61001C4F29F
:1068300000010860FFE71398119900F091FEFFE74F
:106840001098B8B1FFE7FFE710984FF6FF71C3F655
:10685000CF7108401399096808651098800F4AF6AF
:106860001001C4F200010860FFE71398109900F0CE
:10687000F3FCFFE70F98B8B1FFE7FFE70F984FF67B
:10688000FF71C3F6CF7108401399096808650F9826
:10689000800F4AF61001C4F200010860FFE7139868
:1068A0000F9900F0E1FDFFE79DF80D0000F00801F1
:1068B0000020B0EBD10F1BD0FFE79DF8050000F0E2
:1068C00008010020B0EBD10F11D0FFE7FFE71398CC
:1068D00001684FF4006008654AF61001C4F2000137
:1068E00000200860FFE7139800F042FEFFE7FFE793
:1068F0009DF80D0000F002010020B0EB510F28D0F0
:10690000FFE79DF8050000F002010020B0EB510FF9
:106910001ED0FFE713980068D0F8D8000C901398A9
:106920000068D0F8E0100C9808400C90FFE713982E
:1069300001684FF4007008654AF61001C4F20001C6
:1069400000200860FFE713980C9900F001FEFFE7B4
:10695000FFE79DF80E0000F008010020B0EBD10F1A
:106960001BD0FFE79DF8060000F008010020B0EB07
:10697000D10F11D0FFE7FFE7139801684FF4002013
:1069800008654AF61001C4F2000100200860FFE724
:10699000139800F05DFCFFE7FFE79DF80E00C007CD
:1069A000B8B1FFE79DF80600C00788B1FFE7FFE731
:1069B000139801684FF4803008654AF61001C4F25C
:1069C000000100200860FFE7139800F0B5FDFFE725
:1069D000FFE79DF80E0000F004010020B0EB910FDE
:1069E0001BD0FFE79DF8060000F004010020B0EB8B
:1069F000910F11D0FFE7FFE7139801684FF4802053
:106A000008654AF61001C4F2000100200860FFE7A3
:106A1000139800F08DFDFFE7FFE79DF80E0000F0F2
:106A200002010020B0EB510F1FD0FFE79DF80600D8
:106A300000F002010020B0EB510F15D0FFE7FFE797
:106A4000139801684FF4003008654AF61001C4F24B
:106A5000000100200860FFE71399D1F89C0040F086
:106A60008000C1F89C00FFE7FFE70D98B8B1FFE791
:106A7000FFE70D984FF6FF71C3F6CF7108401399E9
:106A8000096808650D98800F4AF61001C4F20001EC
:106A90000860FFE713980D99FFF772FCFFE70E9867
:106AA000D0B1FFE7FFE70E984FF6FF71C3F6CF7145
:106AB00008401399096808650E98800F4AF610017E
:106AC000C4F200010860FFE70E9A1399D1F89C0008
:106AD0001043C1F89C00FFE7139800684AF20001D8
:106AE000C4F20001884240F0B980FFE71398406883
:106AF00080688007002800F0B080FFE713984068A6
:106B0000006A00F00F000A9013984068416A0A98E2
:106B100008400A9013984068006A00F0300009901D
:106B200013984068416A0998084009901398406892
:106B3000006A00F4C070089013984068416A089891
:106B40000840089013984068006A00F4FC400790E1
:106B500013984068416A0798084007901398406866
:106B6000006A00F4F020069013984068416A069885
:106B70000840069013984068406A02901398406855
:106B8000006A00900A9848B1FFE70A98139949688B
:106B9000086213980A9900F0B3FCFFE7099848B11E
:106BA000FFE709981399496808621398099900F05A
:106BB000B7FCFFE79DF8080000F040010020B0EBB3
:106BC000911F1FD0FFE79DF8000000F0400100205A
:106BD000B0EB911F15D0FFE713984068C06B000C15
:106BE000059013984068C06B00F03F000490139824
:106BF00041684020086213980599049A00F088FCC7
:106C0000FFE7FFE7089848B1FFE70898139949683C
:106C100008621398089900F06BFCFFE7079860B1D1
:106C2000FFE70798139949680862079A1399D1F802
:106C30009C001043C1F89C00FFE7069860B1FFE795
:106C40000698139949680862069A1399D1F89C002E
:106C50001043C1F89C00FFE7FFE7FFE71398D0F867
:106C60009C0020B1FFE71398FFF786FBFFE714B005
:106C700080BD00000000000080B598B0169048F27A
:106C80008C01C0F6010101A84C22F9F781FC16988D
:106C900020B9FFE701208DF85F00D9E11698006860
:106CA0004AF20001C4F20001884206D1FFE71699BA
:106CB000086800F580704860FFE716988068B0F5B6
:106CC000407F01D1FFE7FFE71698006C08B1FFE7AE
:106CD000FFE71698806C08B1FFE7FFE71698006D94
:106CE00008B1FFE7FFE71698006E08B1FFE7FFE77E
:106CF0001699C86D096E084408B1FFE7FFE71698BA
:106D000090F8980040B9FFE71699002081F89900A3
:106D1000169800F0A1F9FFE716980168886920F03D
:106D20001000886100F014FE1590FFE716980068C7
:106D300080690007002817D5FFE700F009FE1599C4
:106D4000401A0B280FD3FFE71699D1F89C0040F0AA
:106D50000100C1F89C001699032081F898000120D9
:106D60008DF85F0074E1E1E716980168886940F0EA
:106D70000100886100F0ECFD1590FFE716980068AF
:106D80008069C007B8B9FFE700F0E2FD1599401A25
:106D90000B280FD3FFE71699D1F89C0040F00100B3
:106DA000C1F89C001699032081F8980001208DF805
:106DB0005F004DE1E2E716980168886940F0020043
:106DC00088611698007C012807D1FFE716980168B2
:106DD000886920F04000886106E01698016888699B
:106DE00040F040008861FFE71698407C012807D1F9
:106DF000FFE716980168886940F48040886106E0E2
:106E000016980168886920F480408861FFE7169829
:106E1000807C012807D1FFE716980168886920F473
:106E20008050886106E016980168886940F48050B7
:106E30008861FFE716980068806920F44070169A10
:106E4000116892681043886116980168886920F07B
:106E5000A400886116980168086920F01000086194
:106E60001698C068012807D1FFE71698016888695D
:106E700040F0040088612BE01698C06830B3FFE74B
:106E80001698C068022819D0FFE71698016888692B
:106E900040F08000886116980168086940F0100091
:106EA00008611698C068032807D1FFE716980168A3
:106EB000886940F020008861FFE706E016980168C5
:106EC000886940F020008861FFE700E0FFE7FFE706
:106ED000169A116853699069D2F81CE0A0F1010C70
:106EE0006FF0FF0000EB0E2040EA4C60126A013A9E
:106EF00010430022CFF6FF7202EB03421043C86139
:106F000016988068B0F5407F1CD1FFE7169A11688B
:106F1000536A906AD2F82CE001386FF0FF0C0CEB4A
:106F20000E2C40EA0C00D2F830C06FF00F0202EBDA
:106F30000C1210430022CFF6FF7202EB0342104303
:106F4000C860FFE71698006E48B1FFE71698016821
:106F5000426ED1F8C0001043C1F8C000FFE7169997
:106F6000C86D096E084480B1FFE716980068D0F834
:106F7000C80020F00700169A1168936E01AA52F813
:106F800023201043C1F8C800FFE71698006C80B1B9
:106F9000FFE716980068D0F8BC0020F00700169AAA
:106FA0001168536C01AA52F823201043C1F8BC00A9
:106FB000FFE71698806C88B1FFE716980068D0F854
:106FC000BC0020F07000169A1168D36C01AA52F828
:106FD000232040EA0210C1F8BC00FFE71698006DBC
:106FE00088B1FFE716980068D0F8BC0020F4E06094
:106FF000169A1168536D01AA52F8232040EA022024
:10700000C1F8BC00FFE7169800684AF20001C4F21C
:107010000001884207D1FFE716984168886820F090
:1070200003008860FFE716990020C1F894001699C4
:10703000C1F89C001699012081F898001698FBF77A
:107040000FFD8DF853009DF853008DF85F00FFE7AA
:107050009DF85F0018B080BD80B594B013900020FB
:107060001290119010900F900E90139800684AF2B1
:107070000001C4F20001884245D1FFE740F2C02080
:10708000C2F200400168013101600068012810D19E
:10709000FFE7FFE744F2EC40C5F60200016841F467
:1070A00080710160006800F480700D900D98FFE71A
:1070B000FFE7FFE744F2E040C5F60200016841F057
:1070C00008010160006800F008000C900C98FFE7D0
:1070D00003200E9002200F90002006901090119037
:1070E0000920129040F60040C5F602000EA900F0FB
:1070F00043FA069A13200790052100F00DFD07982A
:1071000000F0FEFC9FE0139800684AF20041C4F2D0
:107110000001884245D1FFE740F2C020C2F20040A2
:107120000168013101600068012810D1FFE7FFE725
:1071300044F2EC40C5F60200016841F48071016040
:10714000006800F480700B900B98FFE7FFE7FFE703
:1071500044F2E040C5F60200016841F0020101601E
:10716000006800F002000A900A98FFE760200E9085
:1071700002200F900020049010901190092012908E
:1071800040F20040C5F602000EA900F0F5F9049A9D
:1071900014200590052100F0BFFC059800F0B0FC1C
:1071A00050E0139800684DF20041C4F2000188429B
:1071B00047D1FFE740F2C020C2F200400168013130
:1071C00001600068012810D1FFE7FFE744F2EC40BE
:1071D000C5F60200016841F480710160006800F4A6
:1071E000807009900998FFE7FFE7FFE744F2E0406D
:1071F000C5F60200016841F008010160006800F076
:10720000080008900898FFE74FF440500E900220C5
:107210000F90002002901090119005200190129084
:1072200040F60040C5F602000EA900F0A5F901994C
:10723000029A9F20039000F06FFC039800F060FC1E
:10724000FFE7FFE7FFE714B080BD0000000000008B
:1072500081B0009001B070472DE9F043B3B0329097
:107260003191329840F2E412C2F20042089240F2A8
:107270000C29C2F2004940214B46FFF789F8089BD0
:10728000186859689A68D3F80CC0D3F810E05C69A4
:107290002C94CDF8ACE0CDF8A8C029922891279085
:1072A0009869D9691A6A5B6A30932F922E912D9052
:1072B0002799289A299B2A98DDF8ACE02C9C2D9DD3
:1072C0002E9E2F9FDDF8C080EC46CCF81C90CCF8A9
:1072D0001880CCF81470CCF81060CCF80C50CCF8B6
:1072E0000840CCF804E0CCF8000042F24850C2F26A
:1072F00000400CF089F9089B186859689A68D3F81F
:107300000CC0D3F810E05C692294CDF884E0CDF88D
:1073100080C01F921E911D909869D9691A6A5B6A94
:1073200026932592249123901D991E9A1F9B2098A5
:10733000DDF884E0229C239D249E259FDDF8988023
:10734000EC46CCF81C90CCF81880CCF81470CCF833
:107350001060CCF80C50CCF80840CCF804E0CCF825
:10736000000042F21040C2F200400CF04DF9089BC0
:10737000186859689A68D3F80CC0D3F810E05C69B3
:107380001894CDF85CE0CDF858C015921491139084
:107390009869D9691A6A5B6A1C931B921A911990B1
:1073A0001399149A159B1698DDF85CE0189C199DAA
:1073B0001A9E1B9FDDF87080EC46CCF81C90CCF830
:1073C0001880CCF81470CCF81060CCF80C50CCF8C5
:1073D0000840CCF804E0CCF8000042F24030C2F2A1
:1073E00000400BF00DFF089B186859689A68D3F8A5
:1073F0000CC0D3F810E05C690E94CDF834E0CDF801
:1074000030C00B920A9109909869D9691A6A5B6A2F
:107410001293119210910F9009990A9A0B9B0C9854
:10742000DDF834E00E9C0F9D109E119FDDF8488022
:10743000EC46CCF81C90CCF81880CCF81470CCF842
:107440001060CCF80C50CCF80840CCF804E0CCF834
:10745000000042F27020C2F200400BF0D1FE33B0C7
:10746000BDE8F0830000000080B582B0019000917B
:10747000019840F28422C2F2004240F2AC23C2F2F0
:1074800000434121FEF784FF019842F62021C2F219
:107490000041884201D1FFE7FFE702B080BD000054
:1074A00082B00090009890F89800012811D1FFE771
:1074B0000099022081F8980000980168886920F0FE
:1074C0000100886100990020C1F89C008DF8070038
:1074D0000AE00099D1F89C0040F00400C1F89C003B
:1074E00001208DF80700FFE79DF8070002B0704704
:1074F00082B00190009102B07047000000000000CF
:1075000082B00190009102B07047000000000000BE
:1075100083B002900191009203B070470000000018
:1075200082B00190009102B070470000000000009E
:1075300081B0009001B0704781B0009001B07047F9
:1075400082B00190009102B070470000000000007E
:1075500082B00190009102B070470000000000006E
:1075600082B00190009102B070470000000000005E
:1075700081B0009001B070478FB00E900D91002047
:107580000C908020C5F600000990FFE70D98006878
:107590000C99C840002800F0C181FFE70D980068F1
:1075A0000C9A0121914008400B900B98002800F0A4
:1075B000B181FFE70D98406800F00300012807D073
:1075C000FFE70D98406800F0030002282FD1FFE785
:1075D0000E9880680A900C984100032000FA01F18F
:1075E0000A9888430A900D98C0680C99490000FADF
:1075F00001F10A9808430A900A980E9988600E983B
:1076000040680A900C99012000FA01F10A98884319
:107610000A900D984068C0F300100C9900FA01F12F
:107620000A9808430A900A980E994860FFE70D9857
:10763000406800F00300032818D0FFE70E98C068E8
:107640000A900C984100032000FA01F10A9888433F
:107650000A900D9880680C99490000FA01F10A9887
:1076600008430A900A980E99C860FFE70D98406891
:1076700000F00300022826D1FFE70E980C996FF066
:10768000030202EA51010844006A0A900C9800F0D3
:10769000070081000F2000FA01F10A9888430A9040
:1076A0000D9800690C9901F00701890000FA01F1B9
:1076B0000A9808430A900A980E990C9B02EA530212
:1076C00011440862FFE70E9800680A900C98410088
:1076D000032000FA01F10A9888430A900D98406847
:1076E00000F003000C99490000FA01F10A980843E0
:1076F0000A900A980E9908600D98807980070028F2
:1077000000F00781FFE7FFE744F2F440C5F602000E
:10771000016841F002010160006800F00200089079
:107720000898FFE70C9820F0030040F20841C5F6E6
:10773000000140580A900C9800F0030081000F20CF
:1077400000FA01F10A9888430A900E980021C5F6C4
:107750000201884203D1FFE7002007906CE00E98F9
:1077600040F20041C5F60201884203D1FFE7012043
:1077700006905EE00E9840F60001C5F602018842D0
:1077800003D1FFE70220059050E00E9840F600413B
:10779000C5F60201884203D1FFE70320049042E0CE
:1077A0000E9841F20001C5F60201884203D1FFE7BD
:1077B0000420039034E00E9841F20041C5F6020126
:1077C000884203D1FFE70520029026E00E9841F69B
:1077D0000001C5F60201884203D1FFE706200190AF
:1077E00018E00E9841F60041C5F60201884203D127
:1077F000FFE7072000900AE00E9942F20042C5F62A
:1078000002020A20914208BF09200090FFE7009879
:107810000190FFE701980290FFE702980390FFE7CD
:1078200003980490FFE704980590FFE705980690F9
:10783000FFE706980790FFE707980C9901F003010E
:10784000890000FA01F10A9808430A900A980C99F5
:1078500021F0030140F20842C5F6000288504FF0C3
:10786000B04000680A900B990A9888430A900D98D6
:107870008079C006002805D5FFE70B990A980843D0
:107880000A90FFE70A984FF0B04108600420C5F65F
:10789000000000680A900B990A9888430A900D9896
:1078A00080798006002805D5FFE70B990A980843E0
:1078B0000A90FFE70A980421C5F6000108600998BC
:1078C00040680A900B990A9888430A900D9880792D
:1078D0008007002805D5FFE70B990A9808430A900E
:1078E000FFE70A9809994860099800680A900B997F
:1078F0000A9888430A900D988079C00728B1FFE75D
:107900000B990A9808430A90FFE70A9809990860BA
:10791000FFE7FFE70C9801300C9037E60FB0704797
:1079200082B00190ADF802108DF801209DF80100A1
:1079300028B1FFE7BDF802000199886105E0BDF8B4
:107940000200000401998861FFE702B0704700005F
:1079500046F6D850C2F200400068704700000000B0
:1079600040F27C00C2F20040027846F6D851C2F2E2
:1079700000410868104408607047000000000000E3
:1079800080B582B0032000F0DFF801F0D9FE44F2A8
:107990001842C5F602021168C1F3032348F28011B0
:1079A000C0F60101CB5C03F01F03D84000900098A3
:1079B000126802F00F02895C01F01F01C84040F21A
:1079C0005401C2F200410860009840F25001C2F236
:1079D000004108600F2000F013F820B1FFE70120FC
:1079E0008DF8070005E000F06FF800208DF8070023
:1079F000FFE79DF8070002B080BD00000000000016
:107A000080B590B00E900E980F2810D8FFE70E9911
:107A100019200190002200F07FF8019800F070F822
:107A20000E9840F28001C2F20041086003E001209C
:107A30008DF83F0043E0FFE744F2F040C5F6020056
:107A4000016841F001010160006800F0010002904E
:107A50000298FFE706A803A901F0DAFD01F05CFE39
:107A60004000059005984DF68361C4F21B31A0FBE0
:107A700001014FF0FF3000EB9140049042F6E830F6
:107A8000C2F200400021C4F20101016040F2E7317E
:107A9000C1600499416000210161816003F038FDFB
:107AA00048B9FFE742F6E830C2F2004003F0D0FDEB
:107AB0008DF83F0003E001208DF83F00FFE79DF8BF
:107AC0003F0010B080BD000080B582B0FFE744F2F7
:107AD000F440C5F60200016841F00201016000684F
:107AE00000F0020001900198FFE76FF001000F2104
:107AF000002200F011F802B080BD0000000000007C
:107B000080B582B0ADF80600BDF906000CF004FFA8
:107B100002B080BD0000000080B586B0ADF8160050
:107B2000049103920CF010FF0290BDF91600019031
:107B300002980499039A06F0E3FE014601980CF0BE
:107B40000BFF06B080BD000080B582B001900198A7
:107B50000CF026FF02B080BD80B584B0029044F6E0
:107B60000C00C5F60200006800F004010020B0EB34
:107B7000910F13D1FFE744F60C00C5F60200006830
:107B800000F007000299884204D0FFE701208DF839
:107B90000F002EE000208DF80F002AE044F60C01C3
:107BA000C5F60201086820F00700029A1043086039
:107BB000FFF7CEFE0190FFE744F60400C5F6020091
:107BC000006800F400510020B0EB513F0DD1FFE7F9
:107BD000FFF7BEFE0199401AB0F57A7F04D9FFE79E
:107BE00001208DF80F0004E0E6E700208DF80F007B
:107BF000FFE79DF80F0004B080BD0000000000000A
:107C000080B501F049FD44F22041C5F60201096842
:107C1000C1F3021248F28011C0F60101895C01F043
:107C20001F01C84080BD000088B0079044F2284082
:107C3000C5F60200016801F0030106910068C0F377
:107C40000530059044F22C40C5F602000068C0F3F0
:107C500000100490049844F23C41C5F60201096802
:107C600089B2C908484300EE100AB8EE400A8DED0B
:107C7000020A0598002800F01B81FFE70698009093
:107C800048B1FFE70098012869D0FFE70098022873
:107C900000F08980ABE044F20040C5F602000068C5
:107CA00000F020010020B0EB511F33D0FFE744F279
:107CB0000040C5F602000068C0F3C10149F20000AF
:107CC000C0F2D030C84003909DED030AB8EE400AE0
:107CD0009DED051AB8EE411A80EE010A44F23840D3
:107CE000C5F6020000686FF35F2001EE100AB8EEDF
:107CF000411A9DED022A9FED743A82EE032A31EE7D
:107D0000021AB7EE002A31EE021A20EE010A8DEDBA
:107D1000010A23E09DED050AB8EE401A9FED6C0ABA
:107D200080EE010A44F23840C5F6020000686FF3A5
:107D30005F2001EE100AB8EE411A9DED022A9FED78
:107D4000623A82EE032A31EE021AB7EE002A31EED1
:107D5000021A20EE010A8DED010AFFE76BE09DEDAE
:107D6000050AB8EE401A9FED590A80EE010A44F266
:107D70003840C5F6020000686FF35F2001EE100A7C
:107D8000B8EE411A9DED022A9FED4F3A82EE032A8A
:107D900031EE021AB7EE002A31EE021A20EE010A85
:107DA0008DED010A47E09DED050AB8EE401A9FED02
:107DB000450A80EE010A44F23840C5F60200006828
:107DC0006FF35F2001EE100AB8EE411A9DED022A12
:107DD0009FED3D3A82EE032A31EE021AB7EE002AF9
:107DE00031EE021A20EE010A8DED010A23E09DED2D
:107DF000050AB8EE401A9FED350A80EE010A44F2FA
:107E00003840C5F6020000686FF35F2001EE100AEB
:107E1000B8EE411A9DED022A9FED2B3A82EE032A1D
:107E200031EE021AB7EE002A31EE021A20EE010AF4
:107E30008DED010AFFE79DED010A44F23840C5F6D9
:107E40000200016889B2490A01EE101AB8EE411A1F
:107E5000B7EE002A31EE021A80EE010A0799BCEE55
:107E6000C00A81ED000A9DED010A0168C1F30641D7
:107E700001EE101AB8EE411A31EE021A80EE010A34
:107E80000799BCEEC00A81ED010A9DED010A006868
:107E9000C0F3066001EE100AB8EE411A31EE021A84
:107EA00080EE010A0798BCEEC00A80ED020A07E0E6
:107EB0000799002008600799486007998860FFE7E4
:107EC00008B07047001BB74B000000460024744AFE
:107ED0000024744C0000000088B0079044F2284051
:107EE000C5F60200016801F0030106910068C0F3C5
:107EF0000550059044F22C40C5F602000068C0F31E
:107F000000200490049844F24441C5F60201096837
:107F100089B2C908484300EE100AB8EE400A8DED58
:107F2000020A0598002800F01B81FFE706980090E0
:107F300048B1FFE70098012869D0FFE700980228C0
:107F400000F08980ABE044F20040C5F60200006812
:107F500000F020010020B0EB511F33D0FFE744F2C6
:107F60000040C5F602000068C0F3C10149F20000FC
:107F7000C0F2D030C84003909DED030AB8EE400A2D
:107F80009DED051AB8EE411A80EE010A44F2404018
:107F9000C5F6020000686FF35F2001EE100AB8EE2C
:107FA000411A9DED022A9FED743A82EE032A31EECA
:107FB000021AB7EE002A31EE021A20EE010A8DED08
:107FC000010A23E09DED050AB8EE401A9FED6C0A08
:107FD00080EE010A44F24040C5F6020000686FF3EB
:107FE0005F2001EE100AB8EE411A9DED022A9FEDC6
:107FF000623A82EE032A31EE021AB7EE002A31EE1F
:10800000021A20EE010A8DED010AFFE76BE09DEDFB
:10801000050AB8EE401A9FED590A80EE010A44F2B3
:108020004040C5F6020000686FF35F2001EE100AC1
:10803000B8EE411A9DED022A9FED4F3A82EE032AD7
:1080400031EE021AB7EE002A31EE021A20EE010AD2
:108050008DED010A47E09DED050AB8EE401A9FED4F
:10806000450A80EE010A44F24040C5F6020000686D
:108070006FF35F2001EE100AB8EE411A9DED022A5F
:108080009FED3D3A82EE032A31EE021AB7EE002A46
:1080900031EE021A20EE010A8DED010A23E09DED7A
:1080A000050AB8EE401A9FED350A80EE010A44F247
:1080B0004040C5F6020000686FF35F2001EE100A31
:1080C000B8EE411A9DED022A9FED2B3A82EE032A6B
:1080D00031EE021AB7EE002A31EE021A20EE010A42
:1080E0008DED010AFFE79DED010A44F24040C5F61F
:1080F0000200016889B2490A01EE101AB8EE411A6D
:10810000B7EE002A31EE021A80EE010A0799BCEEA2
:10811000C00A81ED000A9DED010A0168C1F3064124
:1081200001EE101AB8EE411A31EE021A80EE010A81
:108130000799BCEEC00A81ED010A9DED010A0068B5
:10814000C0F3066001EE100AB8EE411A31EE021AD1
:1081500080EE010A0798BCEEC00A80ED020A07E033
:108160000799002008600799486007998860FFE731
:1081700008B07047001BB74B000000460024744A4B
:108180000024744C0000000080B59AB018900020C4
:108190008DF857008DF856001898C0780007002811
:1081A00048D5FFE71898406E149078B1FFE714980F
:1081B000B0F5801F13D0FFE71498B0F5001F16D05C
:1081C000FFE71498B0F5401F19D019E044F22C4194
:1081D000C5F60201086840F40030086014E0189801
:1081E0000830022106F028FC8DF857000CE01898A2
:1081F0002830022106F008FD8DF8570004E003E066
:1082000001208DF85700FFE79DF8570060B9FFE7A0
:1082100044F25041C5F60201086820F44010189A53
:10822000526E1043086004E09DF857008DF8560028
:10823000FFE7FFE718984078C007002840D0FFE725
:108240001898806D1390042820D81399DFE801F066
:10825000030C141C1D0044F22C41C5F602010868F1
:1082600040F40030086015E018980830002106F04E
:10827000E3FB8DF857000DE018982830002106F038
:10828000C3FC8DF8570005E004E003E001208DF801
:108290005700FFE79DF8570060B9FFE744F25041EF
:1082A000C5F60201086820F00700189A926D104385
:1082B000086004E09DF857008DF85600FFE7FFE7DF
:1082C000189840784007002856D5FFE71898D0F84E
:1082D000A4001290C8B1FFE71298B0F5001F1DD09E
:1082E000FFE71298B0F5800F20D0FFE71298B0F5A5
:1082F000C00F23D0FFE71298B0F5000F1FD0FFE7A3
:108300001298B0F5200F1BD01BE044F22C41C5F6AB
:108310000201086840F40030086016E01898083040
:10832000002106F089FB8DF857000EE018982830E0
:10833000002106F069FC8DF8570006E005E004E036
:1083400003E001208DF85700FFE79DF8570068B95A
:10835000FFE744F25841C5F60201086820F46000C6
:10836000189AD2F8A4201043086004E09DF8570042
:108370008DF85600FFE7FFE71898407800070028BF
:1083800056D5FFE71898D0F8A8001190C8B1FFE7BC
:108390001198B0F1807F1DD0FFE71198B0F1007FF8
:1083A00020D0FFE71198B0F1407F23D0FFE711986C
:1083B000B0F1806F1FD0FFE71198B0F1A06F1BD014
:1083C0001BE044F22C41C5F60201086840F400307D
:1083D000086016E018980830002106F02DFB8DF893
:1083E00057000EE018982830002106F00DFC8DF89B
:1083F000570006E005E004E003E001208DF8570097
:10840000FFE79DF8570068B9FFE744F25841C5F609
:108410000201086820F0E060189AD2F8A820104302
:10842000086004E09DF857008DF85600FFE7FFE76D
:108430001898C078800700283ED5FFE71898C06CD0
:108440001090F0B1FFE71098102808D0FFE71098BF
:1084500020280DD0FFE71098302811D012E044F208
:108460002C41C5F60201086840F4003008600DE0B8
:1084700018980830022106F0DFFA8DF8570005E061
:1084800004E003E001208DF85700FFE79DF8570056
:1084900060B9FFE744F24C41C5F60201086820F0DC
:1084A0003000189AD26C1043086004E09DF8570021
:1084B0008DF85600FFE7FFE718984078C0060028BF
:1084C0004ED5FFE71898C06D0F90A0B1FFE70F9849
:1084D000B0F5805F18D0FFE70F98B0F5005F1BD0B4
:1084E000FFE70F98B0F5405F1ED0FFE70F98B0F59B
:1084F000804F1AD01AE044F22C41C5F602010868F8
:1085000040F40030086015E018980830002106F0AB
:1085100093FA8DF857000DE018982830002106F0E6
:1085200073FB8DF8570005E004E003E001208DF8AF
:108530005700FFE79DF8570060B9FFE744F250414C
:10854000C5F60201086820F4E040189AD26D104385
:10855000086004E09DF857008DF85600FFE7FFE73C
:1085600018984078800600284CD5FFE71898006ED0
:108570000E90C8B1FFE70E98B0F5803F15D0FFE729
:108580000E98B0F5003F18D0FFE70E98B0F5403FC9
:108590001BD0FFE70E98B0F5802F17D0FFE70E989D
:1085A000B0F5A02F13D013E016E018980830012181
:1085B00006F042FA8DF857000EE018982830012195
:1085C00006F022FB8DF8570006E005E004E003E02A
:1085D00001208DF85700FFE79DF8570060B9FFE7CD
:1085E00044F25041C5F60201086820F4E020189AD0
:1085F000126E1043086004E09DF857008DF8560095
:10860000FFE7FFE718984078400600284ED5FFE7BF
:108610001898D0F8AC000D90C8B1FFE70D98B0F1F4
:10862000805F15D0FFE70D98B0F1005F18D0FFE72D
:108630000D98B0F1405F1BD0FFE70D98B0F1804F6F
:1086400017D0FFE70D98B0F1A04F13D013E016E05C
:1086500018980830012106F0EFF98DF857000EE068
:1086600018982830012106F0CFFA8DF8570006E05F
:1086700005E004E003E001208DF85700FFE79DF8D6
:10868000570068B9FFE744F25841C5F6020108688F
:1086900020F0E040189AD2F8AC201043086004E0C3
:1086A0009DF857008DF85600FFE7FFE718984078CF
:1086B000000600283BD5FFE71898C06E0C90D8B193
:1086C000FFE70C98B0F1805F05D0FFE70C98B0F1A0
:1086D000005F09D011E044F22C41C5F602010868A0
:1086E00040F4003008600CE018980830012106F0D2
:1086F000A3F98DF8570004E003E001208DF857003E
:10870000FFE79DF8570060B9FFE744F25041C5F616
:108710000201086820F04050189AD26E1043086099
:1087200004E09DF857008DF85600FFE7FFE7189822
:10873000C078C007002837D0FFE71898806C0B90EE
:10874000032817D80B99DFE801F014020B1344F249
:108750002C41C5F60201086840F4003008600DE0C5
:1087600018980830022106F067F98DF8570005E0E7
:1087700004E003E001208DF85700FFE79DF8570063
:1087800060B9FFE744F24C41C5F60201086820F0E9
:108790000300189A926C1043086004E09DF857009B
:1087A0008DF85600FFE7FFE718988078400600280C
:1087B00040F1B480FFE744F60001C5F60201086805
:1087C00040F480700860FFF7C3F81690FFE744F6A6
:1087D0000000C5F602000068C00500280CD4FFE7C1
:1087E000FFF7B6F81699401A652804D3FFE703206F
:1087F0008DF8570000E0EAE79DF85700002840F0A8
:108800008780FFE744F27040C5F60200006800F47C
:1088100040701899D1F8B01001F44071884213D01B
:10882000FFE744F27041C5F60201086820F4407089
:108830001790086840F480300860086820F48030A1
:10884000086017980860FFE71898D0F8B000B0F5F6
:10885000807F1FD1FFE7FFF77BF81690FFE744F218
:108860007040C5F60200006800F002010020B0EB85
:10887000510F0ED1FFE7FFF76BF81699401A41F23E
:108880008931884204D3FFE703208DF8570000E0C8
:10889000E5E7FFE79DF85700A0BBFFE7FFE7189863
:1088A000D0F8B00000F44070B0F5407F13D1FFE77E
:1088B00044F21041C5F60201086820F47C50189A71
:1088C000D2F8B0204FF6F043C0F6FF731A4040EAEA
:1088D0001210086008E044F21041C5F60201086871
:1088E00020F47C500860FFE71898D0F8B0206FF3B0
:1088F0001F3244F27041C5F6020108681043086057
:10890000FFE704E09DF857008DF85600FFE704E00C
:108910009DF857008DF85600FFE7FFE718980068AC
:10892000C007002800F04C80FFE71898806F0A907D
:1089300028282BD80A99DFE801F0152929292929A7
:10894000292916292929292929291E2929292929B5
:10895000292926292929292929292729292929298C
:108960002929280016E018980830012106F064F83B
:108970008DF857000EE018982830012106F044F9D0
:108980008DF8570006E005E004E003E001208DF8D3
:108990005700FFE79DF8570060B9FFE744F25441E4
:1089A000C5F60201086820F03800189A926F10434B
:1089B000086004E09DF857008DF85600FFE7FFE7D8
:1089C000189800788007002839D5FFE71898406F7D
:1089D0000990052819D80999DFE801F003040C145F
:1089E000151616E018980830012106F025F88DF8C4
:1089F00057000EE018982830012106F005F98DF88F
:108A0000570006E005E004E003E001208DF8570080
:108A1000FFE79DF8570060B9FFE744F25441C5F6FF
:108A20000201086820F00700189A526F104308608E
:108A300004E09DF857008DF85600FFE7FFE718980F
:108A40000078400700283BD5FFE71898D0F8900041
:108A50000890052819D80899DFE801F003040C14E0
:108A6000151616E018980830012105F0E5FF8DF87D
:108A700057000EE018982830012106F0C5F88DF84F
:108A8000570006E005E004E003E001208DF8570000
:108A9000FFE79DF8570068B9FFE744F25841C5F673
:108AA0000201086820F00700189AD2F890201043BD
:108AB000086004E09DF857008DF85600FFE7FFE7D7
:108AC00018980078800600284ED5FFE71898D0F84F
:108AD0008C000790C8B1FFE70798B0F1805F15D010
:108AE000FFE70798B0F1005F18D0FFE70798B0F1F3
:108AF000405F1BD0FFE70798B0F1804F17D0FFE72A
:108B00000798B0F1A04F13D013E016E01898083082
:108B1000002105F091FF8DF857000EE018982830DD
:108B2000022106F071F88DF8570006E005E004E038
:108B300003E001208DF85700FFE79DF8570068B962
:108B4000FFE744F25441C5F60201086820F0E04016
:108B5000189AD2F88C201043086004E09DF8570062
:108B60008DF85600FFE7FFE71898007840060028C8
:108B70004ED5FFE71898D0F898000690C8B1FFE7E7
:108B80000698B0F5806F15D0FFE70698B0F5006F36
:108B900018D0FFE70698B0F5406F1BD0FFE70698A6
:108BA000B0F5805F17D0FFE70698B0F5A05F13D04F
:108BB00013E016E018980830002105F03DFF8DF80D
:108BC00057000EE018982830022106F01DF88DF8A5
:108BD000570006E005E004E003E001208DF85700AF
:108BE000FFE79DF8570068B9FFE744F25841C5F622
:108BF0000201086820F4E050189AD2F89820104337
:108C0000086004E09DF857008DF85600FFE7FFE785
:108C100018980078000600284ED5FFE71898D0F87D
:108C20009C000590C8B1FFE70598B0F5005F15D02E
:108C3000FFE70598B0F5804F18D0FFE70598B0F52D
:108C4000C04F1BD0FFE70598B0F5004F17D0FFE7E6
:108C50000598B0F5204F13D013E016E018980830AF
:108C6000002105F0E9FE8DF857000EE01898283035
:108C7000022105F0C9FF8DF8570006E005E004E089
:108C800003E001208DF85700FFE79DF8570068B911
:108C9000FFE744F25841C5F60201086820F460403D
:108CA000189AD2F89C201043086004E09DF8570001
:108CB0008DF85600FFE7FFE71898007800070028B6
:108CC00020D5FFE71898D0F88000B0F5805F0CD170
:108CD000FFE718982830022105F096FF20B1FFE742
:108CE00001208DF85600FFE7FFE744F25441C5F636
:108CF0000201086820F44050189AD2F880201043EE
:108D00000860FFE718980078C006002820D5FFE724
:108D10001898D0F89400B0F5807F0CD1FFE7189830
:108D20002830022105F070FF20B1FFE701208DF807
:108D30005600FFE7FFE744F25841C5F60201086814
:108D400020F44070189AD2F8942010430860FFE78E
:108D500018988078000700283CD5FFE71898D0F8CD
:108D6000A000049050B1FFE70498B0F5803F0DD00B
:108D7000FFE70498B0F5003F10D010E018980830D5
:108D8000002105F059FE8DF857000CE018982830A6
:108D9000022105F039FF8DF8570004E003E00120BF
:108DA0008DF85700FFE79DF8570068B9FFE744F2D8
:108DB0005841C5F60201086820F44030189AD2F8EC
:108DC000A0201043086004E09DF857008DF856007D
:108DD000FFE7FFE718988078400700283FD5FFE7B6
:108DE0001898D0F884000390B0F5801F0AD0FFE7F0
:108DF0000398B0F5001F0ED0FFE70398B0F5401FB1
:108E000011D011E044F22C41C5F60201086840F48B
:108E1000003008600CE018982830012105F0F4FEBD
:108E20008DF8570004E003E001208DF85700FFE7BC
:108E30009DF8570068B9FFE744F25441C5F60201B6
:108E4000086820F44010189AD2F884201043086073
:108E500004E09DF857008DF85600FFE7FFE71898EB
:108E60008078C007A8B3FFE71898006D029028B17A
:108E7000FFE70298B0F5803F09D010E044F22C41A2
:108E8000C5F60201086840F4003008600BE018984D
:108E90000830022105F0D0FD8DF8570003E00120D5
:108EA0008DF85700FFE79DF8570060B9FFE744F2DF
:108EB0004C41C5F60201086820F48030189A126D02
:108EC0001043086004E09DF857008DF85600FFE756
:108ED000FFE71898C078800600280CD5FFE718989F
:108EE0002830022105F090FE20B1FFE701208DF827
:108EF0005600FFE7FFE718988078800700283AD5EA
:108F0000FFE71898C06F0190D0B1FFE70198B0F566
:108F1000807F0AD0FFE70198B0F5007F0ED0FFE711
:108F20000198B0F5407F0AD00BE044F22C41C5F621
:108F30000201086840F40030086006E005E004E043
:108F400003E001208DF85700FFE79DF8570060B956
:108F5000FFE744F25441C5F60201086820F440706E
:108F6000189AD26F1043086004E09DF857008DF8FE
:108F70005600FFE7FFE718988078C00600280CD558
:108F8000FFE744F25041C5F60201086820F00040B6
:108F9000189A126F10430860FFE7189880788006CF
:108FA00000280CD5FFE744F25041C5F602010868DD
:108FB00020F08070189A926E10430860FFE71898AE
:108FC000C0784006002811D5FFE7FFE744F21041C2
:108FD000C5F60201086820F4004008601898D0F82F
:108FE000B420086810430860FFE7FFE71898C078CE
:108FF000000600280CD5FFE744F24C41C5F60201FB
:10900000086820F04050189A526D10430860FFE73E
:1090100018988078000600280DD5FFE744F25441E7
:10902000C5F60201086820F44000189AD2F888209A
:1090300010430860FFE718980079C00790B1FFE778
:1090400018980830002105F0F7FC8DF857009DF8BE
:10905000570008B9FFE704E09DF857008DF8560067
:10906000FFE7FFE7189800798007002812D5FFE78F
:1090700018980830012105F0DFFC8DF857009DF8A5
:10908000570008B9FFE704E09DF857008DF8560037
:10909000FFE7FFE7189800794007002812D5FFE79F
:1090A00018980830022105F0C7FC8DF857009DF88C
:1090B000570008B9FFE704E09DF857008DF8560007
:1090C000FFE7FFE7189800790007002812D5FFE7AF
:1090D00018982830002105F097FD8DF857009DF86D
:1090E000570008B9FFE704E09DF857008DF85600D7
:1090F000FFE7FFE718980079C006002812D5FFE7C0
:1091000018982830012105F07FFD8DF857009DF853
:10911000570008B9FFE704E09DF857008DF85600A6
:10912000FFE7FFE7189800798006002812D5FFE7CF
:1091300018982830022105F067FD8DF857009DF83A
:10914000570008B9FFE704E09DF857008DF8560076
:10915000FFE7FFE79DF8560020B9FFE700208DF8F4
:10916000670003E001208DF86700FFE79DF86700C6
:109170001AB080BD0000000080B586B00490039155
:10918000049820B9FFE701208DF817003CE203980E
:1091900042F20001C5F20021096801F00F01884286
:1091A00016D9FFE742F20000C5F20020016821F065
:1091B0000F01039A11430160006800F00F0003994A
:1091C000884204D0FFE701208DF817001CE2FFE77A
:1091D000049800784007002819D5FFE70498006933
:1091E00044F21841C5F60201096801F07001884295
:1091F0000CD9FFE744F21841C5F60201086820F0D7
:109200007000049A126910430860FFE7FFE70498B2
:1092100000780007002819D5FFE70498406944F258
:109220001C41C5F60201096801F0700188420CD9A1
:10923000FFE744F21C41C5F60201086820F0700007
:10924000049A526910430860FFE7FFE7049800782A
:10925000C006002819D5FFE70498806944F21C4134
:10926000C5F60201096801F4E06188420CD9FFE704
:1092700044F21C41C5F60201086820F4E060049A3B
:10928000926910430860FFE7FFE7049800788006C2
:10929000002819D5FFE70498C06944F22041C5F6BB
:1092A0000201096801F0700188420CD9FFE744F21D
:1092B0002041C5F60201086820F07000049AD269C6
:1092C00010430860FFE7FFE7049800788007002854
:1092D00019D5FFE70498C06844F21841C5F60201A9
:1092E000096801F00F0188420CD9FFE744F21841E8
:1092F000C5F60201086820F00F00049AD2681043F6
:109300000860FFE7FFE704980078C007002800F036
:109310008C80FFE744F21841C5F60201086820F48A
:109320007060049A926810430860049840680228AC
:1093300011D1FFE744F20040C5F60200006800F4D6
:1093400000310020B0EB514F04D1FFE701208DF830
:10935000170059E13EE004984068032811D1FFE767
:1093600044F20040C5F60200006800F000710020E1
:10937000B0EB516F04D1FFE701208DF8170043E1F6
:1093800027E004984068012811D1FFE744F200402B
:10939000C5F60200006800F480710020B0EB112FC8
:1093A00004D1FFE701208DF817002DE110E044F211
:1093B0000040C5F60200006800F004010020B0EB98
:1093C000910F04D1FFE701208DF817001CE1FFE7A2
:1093D000FFE7FFE744F21041C5F60201086820F0FC
:1093E0000700049A526810430860FEF7B1FA019032
:1093F000FFE744F21040C5F60200006800F03800B4
:1094000004994968B0EBC10F0ED0FFE7FEF7A0FA50
:109410000199401A41F28931884204D3FFE70320C1
:109420008DF81700F0E0E4E7FFE704980078800784
:10943000002819D5FFE70498C06844F21841C5F622
:109440000201096801F00F0188420CD2FFE744F2E3
:109450001841C5F60201086820F00F00049AD2688E
:1094600010430860FFE7FFE7039842F20001C5F2EE
:109470000021096801F00F01884216D2FFE742F28D
:109480000000C5F20020016821F00F01039A11438A
:109490000160006800F00F000399884204D0FFE7E4
:1094A00001208DF81700AFE0FFE70498007840072F
:1094B000002819D5FFE70498006944F21841C5F661
:1094C0000201096801F0700188420CD2FFE744F202
:1094D0001841C5F60201086820F07000049A12696C
:1094E00010430860FFE7FFE70498007800070028B2
:1094F00019D5FFE70498406944F21C41C5F6020102
:10950000096801F0700188420CD2FFE744F21C4167
:10951000C5F60201086820F07000049A52691043F1
:109520000860FFE7FFE704980078C006002819D517
:10953000FFE70498806944F21C41C5F602010968FE
:1095400001F4E06188420CD2FFE744F21C41C5F609
:109550000201086820F4E060049A926910430860F0
:10956000FFE7FFE7049800788006002819D5FFE799
:109570000498C06944F22041C5F60201096801F06F
:10958000700188420CD2FFE744F22041C5F6020187
:10959000086820F07000049AD26910430860FFE761
:1095A000FFE700F0CDF844F21842C5F60202116858
:1095B000C1F3032348F28011C0F60101CB5C03F034
:1095C0001F03D84000900098126802F00F02895CD7
:1095D00001F01F01C84040F25401C2F2004108608E
:1095E000009840F25001C2F20041086040F2800051
:1095F000C2F200400068FEF703FA8DF80B009DF8F8
:109600000B008DF81700FFE79DF8170006B080BD2E
:1096100082B00190009101993F20086044F210400F
:10962000C5F60200006800F007000199486044F2A6
:109630001840C5F60200016801F47061019A91605A
:10964000016801F00F01019AD160006800F070001C
:109650000199086144F21C40C5F60200016801F05E
:109660007001019A5161006800F4E060019988611D
:1096700044F22040C5F60200006800F07000019935
:10968000C86142F20000C5F20020006800F00F003F
:109690000099086002B0704780B582B000F050F8C1
:1096A00044F21842C5F602021168C1F3032348F2DE
:1096B0008011C0F60101CB5C03F01F03D84001907C
:1096C0000198126802F00F02895C01F01F0120FA74
:1096D00001F140F25400C2F200400160019940F2F1
:1096E0005002C2F200421160006802B080BD00006A
:1096F00080B5FFF7D1FF44F21C41C5F602010968AD
:10970000C1F3021248F28011C0F60101895C01F038
:109710001F01C84080BD000080B5FFF7BDFF44F2C7
:109720001C41C5F602010968C1F3022248F280110A
:10973000C0F60101895C01F01F01C84080BD000036
:109740008AB044F21040C5F60200006800F038000C
:1097500001460191182800F269810199DFE811F0B2
:10976000190066016601660166016601660166010F
:109770003A006601660166016601660166016601DE
:1097800040006601660166016601660166016601C8
:10979000460044F20040C5F60200006800F02001D7
:1097A0000020B0EB511F0ED0FFE744F20040C5F699
:1097B00002000068C0F3C10149F20000C0F2D030DD
:1097C000C840029005E049F20000C0F2D03002909B
:1097D000FFE731E140F60010C0F23D0002902BE1BE
:1097E00043F20060C0F26E10029025E144F228407E
:1097F000C5F60200016801F0030108910068C0F39A
:109800000510079044F22C40C5F60200006800F0F5
:1098100001000690069844F23441C5F60201096839
:1098200089B2C908484300EE100AB8EE400A8DED2F
:10983000040A0798002800F0F580FFE708980090D8
:1098400048B1FFE70098012869D0FFE70098022897
:1098500000F08980ABE044F20040C5F602000068E9
:1098600000F020010020B0EB511F33D0FFE744F29D
:109870000040C5F602000068C0F3C10149F20000D3
:10988000C0F2D030C84005909DED050AB8EE400A00
:109890009DED071AB8EE411A80EE010A44F23040FD
:1098A000C5F6020000686FF35F2001EE100AB8EE03
:1098B000411A9DED042A9FED633A82EE032A31EEB0
:1098C000021AB7EE002A31EE021A20EE010A8DEDDF
:1098D000030A23E09DED070AB8EE401A9FED5B0AEC
:1098E00080EE010A44F23040C5F6020000686FF3D2
:1098F0005F2001EE100AB8EE411A9DED042A9FED9B
:10990000513A82EE032A31EE021AB7EE002A31EE06
:10991000021A20EE010A8DED030AFFE76BE09DEDD0
:10992000070AB8EE401A9FED480A80EE010A44F299
:109930003040C5F6020000686FF35F2001EE100AA8
:10994000B8EE411A9DED042A9FED3E3A82EE032ABD
:1099500031EE021AB7EE002A31EE021A20EE010AA9
:109960008DED030A47E09DED070AB8EE401A9FED22
:10997000340A80EE010A44F23040C5F60200006865
:109980006FF35F2001EE100AB8EE411A9DED042A34
:109990009FED2C3A82EE032A31EE021AB7EE002A2E
:1099A00031EE021A20EE010A8DED030A23E09DED4F
:1099B000070AB8EE401A9FED240A80EE010A44F22D
:1099C0003040C5F6020000686FF35F2001EE100A18
:1099D000B8EE411A9DED042A9FED1A3A82EE032A51
:1099E00031EE021AB7EE002A31EE021A20EE010A19
:1099F0008DED030AFFE744F23040C5F6020000682F
:109A000081B2012000EB512009909DED030A9DEDEC
:109A1000091AB8EE411A80EE010ABCEEC00A8DEDBB
:109A2000020A02E000200290FFE705E040F6001085
:109A3000C0F23D000290FFE702980AB0704700BFF5
:109A4000001BB74B000000460024744A0024744CED
:109A500080B58CB00A900A9828B9FFE701208DF8EC
:109A60002F0000F001BD0A980078C007002800F020
:109A7000B980FFE744F21040C5F60200006800F02C
:109A80003800069044F22840C5F6020000680590B0
:109A9000069810280AD0FFE7069818281CD1FFE77F
:109AA000059800F00300022816D1FFE744F20040B9
:109AB000C5F60200006800F400310020B0EB514F01
:109AC00009D0FFE70A98406828B9FFE701208DF820
:109AD0002F0000F0C9BC84E0FFE70A984068B0F5A9
:109AE000803F09D1FFE744F20041C5F60201086852
:109AF00040F48030086032E00A98406868B9FFE7B7
:109B000044F20041C5F60201086820F48030086084
:109B1000086820F48020086020E00A984068B0F5CA
:109B2000A02F0DD1FFE744F20041C5F602010868FD
:109B300040F480200860086840F4803008600CE041
:109B400044F20041C5F60201086820F48030086044
:109B5000086820F480200860FFE7FFE7FFE7FFE7E1
:109B60000A984068F0B1FFE7FDF7F2FE0990FFE7C1
:109B700044F20040C5F60200006800F40031002005
:109B8000B0EB514F0DD1FFE7FDF7E2FE0999401A06
:109B9000652805D3FFE703208DF82F0000F064BC93
:109BA000E6E71DE0FDF7D4FE0990FFE744F2004030
:109BB000C5F60200006800F400310020B0EB514F00
:109BC0000DD0FFE7FDF7C4FE0999401A652805D3BB
:109BD000FFE703208DF82F0000F046BCE6E7FFE723
:109BE000FFE7FFE70A9800788007002840F1C5806A
:109BF000FFE744F21040C5F60200006800F03800AC
:109C0000049044F22840C5F60200006803900498CE
:109C100050B1FFE70498182850D1FFE79DF80C00D9
:109C2000800700284AD1FFE744F20040C5F6020051
:109C3000006800F004010020B0EB910F09D0FFE7AD
:109C40000A98C06828B9FFE701208DF82F0000F0BE
:109C50000BBC44F20041C5F60201086820F019006F
:109C60000A9AD26810430860FDF772FE0990FFE778
:109C700044F20040C5F60200006800F00401002034
:109C8000B0EB910F0CD1FFE7FDF762FE0999401A86
:109C9000032804D3FFE703208DF82F00E4E3E7E770
:109CA00044F20441C5F60201086820F0FE400A9A19
:109CB000126940EA02600860FFE75DE00A98C06848
:109CC000A0B3FFE744F20041C5F60201086820F0A6
:109CD00019000A9AD26810430860FDF739FE09900E
:109CE000FFE744F20040C5F60200006800F00401FE
:109CF0000020B0EB910F0CD1FFE7FDF729FE099989
:109D0000401A032804D3FFE703208DF82F00ABE3AC
:109D1000E7E744F20441C5F60201086820F0FE407E
:109D20000A9A126940EA0260086024E044F20041A5
:109D3000C5F60201086820F001000860FDF708FE82
:109D40000990FFE744F20040C5F60200006800F009
:109D500004010020B0EB910F0CD0FFE7FDF7F8FDF8
:109D60000999401A032804D3FFE703208DF82F0038
:109D70007AE3E7E7FFE7FFE7FFE70A980078C00626
:109D8000002840F1A080FFE744F21040C5F6020031
:109D9000006800F03800029044F22840C5F6020046
:109DA00000680190029808280AD0FFE70298182856
:109DB0002BD1FFE7019800F00300012825D1FFE730
:109DC00044F20040C5F60200006800F480710020F3
:109DD000B0EB112F09D0FFE70A98C069802804D0A2
:109DE000FFE701208DF82F003EE3FFE744F20C412E
:109DF000C5F60201086820F07C500A9A126A40EA0F
:109E000002600860FFE7FFE75CE00A98C06998B36A
:109E1000FFE744F20041C5F60201086840F0800007
:109E20000860FDF795FD0990FFE744F20040C5F694
:109E30000200006800F480710020B0EB112F0CD1FB
:109E4000FFE7FDF785FD0999401A032804D3FFE7D2
:109E500003208DF82F0007E3E7E7FFE744F20C410A
:109E6000C5F60201086820F07C500A9A126A40EA9E
:109E700002600860FFE724E044F20041C5F60201F9
:109E8000086820F080000860FDF762FD0990FFE798
:109E900044F20040C5F60200006800F48071002022
:109EA000B0EB112F0CD0FFE7FDF752FD0999401AD6
:109EB000032804D3FFE703208DF82F00D4E2E7E75F
:109EC000FFE7FFE7FFE70A980078000700284FD573
:109ED000FFE70A98406928B3FFE744F27441C5F6EA
:109EE0000201086840F001000860FDF731FD0990AB
:109EF000FFE744F27440C5F60200006800F002017A
:109F00000020B0EB510F0CD1FFE7FDF721FD0999BF
:109F1000401A032804D3FFE703208DF82F00A3E2A3
:109F2000E7E724E044F27441C5F60201086820F036
:109F300001000860FDF70CFD0990FFE744F2744052
:109F4000C5F60200006800F002010020B0EB510FDE
:109F50000CD0FFE7FDF7FCFC0999401A032804D355
:109F6000FFE703208DF82F007EE2E7E7FFE7FFE73A
:109F70000A980078800600284FD5FFE70A98806984
:109F800028B3FFE744F20041C5F60201086840F437
:109F900080500860FDF7DCFC0990FFE744F20040C8
:109FA000C5F60200006800F400510020B0EB513FFC
:109FB0000CD1FFE7FDF7CCFC0999401A032804D324
:109FC000FFE703208DF82F004EE2E7E724E044F29C
:109FD0000041C5F60201086820F480500860FDF7D2
:109FE000B7FC0990FFE744F20040C5F602000068A4
:109FF00000F400510020B0EB513F0CD0FFE7FDF71B
:10A00000A7FC0999401A032804D3FFE703208DF821
:10A010002F0029E2E7E7FFE7FFE70A98007840070B
:10A02000002840F1A780FFE744F60001C5F60201D1
:10A03000086840F480700860FDF78AFC0990FFE72B
:10A0400044F60000C5F602000068C00500280CD4E4
:10A05000FFE7FDF77DFC0999401A652804D3FFE767
:10A0600003208DF82F00FFE1EAE7FFE70A988068F8
:10A07000012809D1FFE744F27041C5F602010868E2
:10A0800040F00100086031E00A98806868B9FFE795
:10A0900044F27041C5F60201086820F00100086032
:10A0A000086820F0040008601FE00A98806805280E
:10A0B0000DD1FFE744F27041C5F60201086840F097
:10A0C00004000860086840F0010008600CE044F2F9
:10A0D0007041C5F60201086820F0010008600868B8
:10A0E00020F004000860FFE7FFE7FFE7FFE70A98BA
:10A0F0008068F8B1FFE7FDF72BFC0990FFE744F219
:10A100007040C5F60200006800F002010020B0EBCC
:10A11000510F0ED1FFE7FDF71BFC0999401A41F2E0
:10A120008931884204D3FFE703208DF82F009BE19B
:10A13000E5E71EE0FDF70CFC0990FFE744F27040F4
:10A14000C5F60200006800F002010020B0EB510FDC
:10A150000ED0FFE7FDF7FCFB0999401A41F2893167
:10A16000884204D3FFE703208DF82F007CE1E5E768
:10A17000FFE7FFE70A98406A002800F07181FFE7D7
:10A1800044F21040C5F60200006800F038001828BC
:10A1900000F0E080FFE70A98406A022840F0B480AF
:10A1A000FFE744F20041C5F60201086820F0807024
:10A1B0000860FDF7CDFB0990FFE744F20040C5F6CB
:10A1C0000200006800F000710020B0EB516F0CD06D
:10A1D000FFE7FDF7BDFB0999401A032804D3FFE709
:10A1E00003208DF82F003FE1E7E7FFE744F2284125
:10A1F000C5F60201086840F2F33290430A9B9A6A5E
:10A20000DB6A42EA0312104308600A99086BD1F82E
:10A2100034C08B6BCA6B01386FF35F204FF600615F
:10A22000CFF6FF7101EB4C2189B208440021CFF633
:10A23000FF7101EB034101F4FE0108444FF07F413F
:10A2400001EB026101F0FE41084444F23041C5F6E1
:10A2500002010860FFE744F22C41C5F602010091BB
:10A26000086820F00100086044F23442C5F602029A
:10A2700010684FF6F87398430A9B9B6C40EAC30042
:10A280001060086820F00C000A9A126C10430860F5
:10A29000086820F002000A9A526C104308600868AF
:10A2A00040F480300860086840F4003008600868B6
:10A2B00040F480200860086840F00100086044F223
:10A2C0000041C5F60201086840F080700860FDF7A3
:10A2D0003FFB0990FFE744F20040C5F6020000682A
:10A2E00000F000710020B0EB516F0CD1FFE7FDF7DB
:10A2F0002FFB0999401A032804D3FFE703208DF8A8
:10A300002F00B1E0E7E724E044F20041C5F6020186
:10A31000086820F080700860FDF71AFB0990FFE7DD
:10A3200044F20040C5F60200006800F00071002011
:10A33000B0EB516F0CD0FFE7FDF70AFB0999401A0B
:10A34000032804D3FFE703208DF82F008CE0E7E714
:10A35000FFE784E044F22840C5F602000068089058
:10A3600044F23040C5F60200006807900A98406A3F
:10A37000012837D0FFE7089800F003000A99896A9E
:10A3800088422FD1FFE7089800F47C710A98C06AD0
:10A39000B0EB111F26D1FFE707986FF35F200A99F2
:10A3A000096B013988421DD1FFE7BDF81C100A98DE
:10A3B000406B0138B0EB512F14D1FFE7079800F440
:10A3C000FE010A98806B0138B0EB114F0AD1FFE70C
:10A3D000079800F0FE410A98C06B0138B0EB116F8E
:10A3E00004D0FFE701208DF82F003DE044F2344017
:10A3F000C5F60200006880B2C00808900A98806C18
:10A400000899884229D0FFE744F22C41C5F60201A1
:10A41000086820F001000860FDF79AFA0990FFE74C
:10A42000FDF796FA0999401A08B9FFE7F8E744F2F0
:10A430003441C5F6020108684FF6F87290430A9A53
:10A44000926C40EAC200086044F22C41C5F6020159
:10A45000086840F001000860FFE7FFE7FFE7FFE75B
:10A4600000208DF82F00FFE79DF82F000CB080BD75
:10A4700081B0009001B0704780B588B00790079810
:10A480000068006906900798006840690590069882
:10A4900005990840049007980068806803900020A0
:10A4A0000290079890F881008DF8070007980068DF
:10A4B000303000909DF815000007002810D5FFE708
:10A4C0009DF81800000700280AD5FFE707980168E3
:10A4D000886940F400608861079800F0BDFB91E155
:10A4E0009DF810004006002815D4FFE79DF81000E5
:10A4F000800600280FD4FFE79DF8100040070028D1
:10A5000009D5FFE70798416F88470798016F88478B
:10A5100001200290FFE79DF810004006002811D4AA
:10A52000FFE79DF81000C00760B1FFE79DF810003D
:10A530004007002806D4FFE70798016F88470120ED
:10A540000290FFE79DF810008006002812D4FFE774
:10A550009DF81000800700280CD5FFE79DF810003B
:10A560004007002806D4FFE70798416F884701207D
:10A570000290FFE7029808B1FFE743E19DF8100061
:10A580000007002840F18980FFE707980168886983
:10A5900040F00800886107980168886940F0100061
:10A5A000886107980168886940F4006088610798AD
:10A5B0000168086920F00800086107980068806851
:10A5C00010F4404F3AD1FFE7FFE70798B0F86A0070
:10A5D00098B3FFE70798C06810280BD3FFE70798E8
:10A5E0000068006B0799496E08600799486E04304F
:10A5F00048661BE00798C06808280AD3FFE7009860
:10A6000000880799496E08800799486E02304866AD
:10A610000BE00798006890F830000799496E0870C1
:10A620000799486E01304866FFE7FFE70799B1F8E0
:10A630006A000138A1F86A00C7E7FFE7079804F04D
:10A640008FFC0799012081F881000798D0F88400D9
:10A6500020B1FFE70798FFF70BFFD3E09DF8070055
:10A66000052804D1FFE7079800F082FE14E09DF86A
:10A670000700042804D1FFE7079800F0E9FA0AE090
:10A680009DF80700032804D1FFE7079800F06CFE4F
:10A6900000E0FFE7FFE7FFE7B4E0BDF8100010F4CB
:10A6A000587F00F0AF80FFE79DF8100040060028BB
:10A6B0000ED5FFE70799D1F8840040F00400C1F8F7
:10A6C000840007980168886940F040008861FFE7CE
:10A6D0009DF81100800700280ED5FFE70799D1F8F3
:10A6E000840040F00100C1F884000798016888697F
:10A6F00040F400708861FFE79DF81100C00770B159
:10A70000FFE70799D1F8840040F00800C1F8840001
:10A7100007980168886940F480708861FFE79DF8B8
:10A720001000800600280ED5FFE70799D1F88400B5
:10A7300040F08000C1F8840007980168886940F003
:10A7400020008861FFE70798D0F88400002858D0DF
:10A75000FFE707980168086820F001000860079883
:10A760000168086940F26B3290430861039800F475
:10A770004040B0F5404F3BD1FFE70798016888683B
:10A7800020F4404088600798C06FB0B1FFE7079899
:10A79000C16F4FF27900C0F6000008650798C06FDE
:10A7A000F8F7DAFF40B1FFE70799D1F8840040F0ED
:10A7B0004000C1F88400FFE7FFE70798806FB0B161
:10A7C000FFE70798816F4FF27900C0F60000086537
:10A7D0000798806FF8F7C0FF40B1FFE70799D1F8FD
:10A7E000840040F04000C1F88400FFE7FFE707E085
:10A7F0000799012081F881000798FFF739FEFFE7EC
:10A80000FFE7FFE708B080BD80B586B004900498EC
:10A8100020B9FFE701208DF817003AE10498406A5B
:10A8200008B9FFE7FFE704990020886204980068F0
:10A8300043F20001C4F2010188421BD0FFE70498F3
:10A84000006843F60001C4F20001884212D0FFE71D
:10A850000498006843F60041C4F20001884209D020
:10A86000FFE70498C068102804D3FFE701208DF8A3
:10A8700017000EE1049804F017FC02900498006899
:10A8800043F20001C4F20101884216D0FFE70498A8
:10A89000006843F60001C4F2000188420DD0FFE7D2
:10A8A0000498006843F60041C4F20001884204D0D5
:10A8B000FFE7029808281FD8FFE70498006843F2D2
:10A8C0000001C4F20101884212D0FFE70498006839
:10A8D00043F60001C4F20001884209D0FFE7049862
:10A8E000006843F60041C4F20001884208D1FFE746
:10A8F0000298112804D3FFE701208DF81700C8E063
:10A90000049890F8810040B9FFE70499002081F88D
:10A910008000049800F0C4F8FFE70499022081F851
:10A92000810004980168086820F00100086004981C
:10A930000068806800F4F810039004988069B0F112
:10A94000806F1BD1FFE704984068B0F5800F04D1F9
:10A95000FFE70498806B50B1FFE70498406868B93E
:10A96000FFE70498806BB0F1805F07D1FFE70498A0
:10A970000168086840F480500860FFE70498807917
:10A980004006002810D5FFE70498C06807280BD3BD
:10A99000FFE704980068006820F48070049A11684A
:10A9A000126D1043086006E004980168086820F4FE
:10A9B00080700860FFE7049B1968DA68D869D3F8EB
:10A9C00028C040EA0C00DDF80CC040EA0C00DB6B4C
:10A9D000184310438860049A0192506B516A0843EF
:10A9E000916B0843916908431168D2F804C09368D9
:10A9F000D2F810E040EA0E00D2F814E040EA0E006F
:10AA0000D2F820E040EA0E0040EA0C00D2F84CC038
:10AA100040EA0C001843936C1843926D1043C860D1
:10AA20000498406898B9FFE704980068806801219D
:10AA300061F3CC20049909688860049800688068F4
:10AA4000022161F34A20049909688860FFE70498AD
:10AA50000168086D20F001000865049880794006BF
:10AA600000280BD5FFE704980068C06820F000407C
:10AA7000049A1168526D1043C860FFE704990020E2
:10AA8000C1F88400049A012182F881108DF8170022
:10AA9000FFE79DF8170006B080BD00000000000031
:10AAA00080B5C0B03F9000203E903D903C903B90E0
:10AAB0003A900CA8B821F5F7BFFD3F98006843F61F
:10AAC0000001C4F20001884240F0C080FFE700208E
:10AAD0000D904FF480510C9123900CA8FDF754FB7E
:10AAE00018B1FFE7F7F79CFFFFE7FFE744F2E84004
:10AAF000C5F60200016841F480410160006800F47D
:10AB000080400B900B98FFE7FFE744F2E040C5F66A
:10AB10000200016841F004010160006800F00400D7
:10AB20000A900A98FFE7FFE744F2E040C5F602000A
:10AB3000016841F002010160006800F00200099024
:10AB40000998FFE706203A90022003903B900020EE
:10AB500007903C90032004903D90052005903E9086
:10AB600040F60000C5F602003AA90691FCF704FD84
:10AB7000DDF80CC0049A05980699079B4FF4005E17
:10AB8000CDF8E8E0CDF8ECC03C933D923E9040F229
:10AB90000040C5F60200FCF7EFFC079942F2A070F6
:10ABA000C2F2004008901022C4F202020260272282
:10ABB00042608160C1604FF48062026141618161E5
:10ABC000C16101624162FAF7FFF918B1FFE7F7F7D7
:10ABD00027FFFFE7FFE73F9842F2A071C2F2004172
:10ABE000C1673F988863FFE742F61800C2F2004051
:10ABF00002902821C4F20201016028214160402115
:10AC000081600021C1604FF4806202614161816115
:10AC1000C16101624162FAF7D7F918B1FFE7F7F7AE
:10AC2000FFFEFFE7FFE73F9842F61801C2F200413E
:10AC300081673F988863FFE7242001900521002267
:10AC4000FCF76AFF0198FCF75BFFFFE740B080BDAF
:10AC500081B0009001B0704781B0009001B07047A2
:10AC600080B590B0DDF848C00E900D910C92ADF813
:10AC70002E300E98006820300A900E980068303010
:10AC800009900E98C16B012000EB5110ADF8120035
:10AC9000FCF75EFE0890BDF82E00ADF81600BDF87A
:10ACA0002E00ADF814000E9890F88100012804D011
:10ACB000FFE702208DF83F0050E30D9838B1FFE721
:10ACC0000C9820B1FFE7BDF82E0020B9FFE7012066
:10ACD0008DF83F0042E3FFE70E9890F880000128CE
:10ACE00004D1FFE702208DF83F0037E30E990120E1
:10ACF00081F88000FFE7FFE70E99052081F88100C9
:10AD00000E990020C1F884000C990E9A5166BDF886
:10AD10002E100E9AA2F86A10BDF82E100E9AA2F804
:10AD200068100D990E9AD165BDF82E100E9AA2F8F2
:10AD30006210BDF82E100E9AA2F860100E990867E6
:10AD40000E9948670E980068C06820F4C0200E99DC
:10AD50000968C8600E98006843F20001C4F201015E
:10AD6000884212D0FFE70E98006843F60001C4F253
:10AD70000001884209D0FFE70E98006843F60041C1
:10AD8000C4F20001884203D1FFE71020079002E0DF
:10AD900008200790FFE70E98006840684FF6FF71A3
:10ADA0008843BDF82E1008440E99096848600E9833
:10ADB0000168086840F0010008600E984068B0F52E
:10ADC000800F07D1FFE70E980168086840F4007013
:10ADD0000860FFE70E98C0681028C0F0B580FFE754
:10ADE000079880080790FFE7BDF816100120039030
:10ADF00039B9FFE7BDF81400002818BF01200390FF
:10AE0000FFE70398C007002800F09D80FFE70E9839
:10AE1000006840698007002822D5FFE7BDF81600CA
:10AE2000F0B1FFE7BDF81400BDF81610079A114401
:10AE3000884215D2FFE70E980168C06D006808626D
:10AE40000E99C86D0430C8650E99B1F862000138DA
:10AE5000A1F862000E98B0F86200ADF81600FFE7A6
:10AE60000E98006840690690BDF81400002869D06B
:10AE7000FFE70E9800684069C007B0B1FFE70E9881
:10AE80000068006B0E99496E08600E99486E043098
:10AE900048660E99B1F86A000138A1F86A000E9868
:10AEA000B0F86A00ADF814004BE0BDF81400BDF82E
:10AEB000121088421CDAFFE79DF8190000060028EE
:10AEC00016D5FFE70E980068006B0E99496E086072
:10AED0000E99486E043048660E99B1F86A00013840
:10AEE000A1F86A000E98B0F86A00ADF8140027E0E7
:10AEF000FCF72EFD0899401A1299884204D3FFE707
:10AF00001298013018B9FFE71298C0B9FFE70E9800
:10AF100004F026F80E99D1F8840040F48070C1F84E
:10AF200084000E99012081F88100FFE70E9900202E
:10AF300081F88000FFE703208DF83F000EE2FFE775
:10AF4000FFE7FFE750E7DCE10E98C0680828C0F093
:10AF5000DE80FFE7079840080790FFE7BDF816106E
:10AF60000120029039B9FFE7BDF81400002818BF8E
:10AF700001200290FFE70298C007002800F0C68079
:10AF8000FFE70E98006840698007002822D5FFE798
:10AF9000BDF81600F0B1FFE7BDF81400BDF81610BB
:10AFA000079A1144884215D2FFE70E98C06D0088B9
:10AFB0000A9908800E99C86D0230C8650E99B1F8DB
:10AFC00062000138A1F862000E98B0F86200ADF896
:10AFD0001600FFE70E98006840690690BDF814005F
:10AFE000002800F09280FFE70E9800684069C007D3
:10AFF000A8B1FFE7099800880E99496E08800E995C
:10B00000486E023048660E99B1F86A000138A1F81E
:10B010006A000E98B0F86A00ADF8140074E0BDF84C
:10B020001400BDF81210884224DAFFE79DF81900D9
:10B03000000600281ED5FFE7099800880E99496E82
:10B0400008800E99486E02304866099800880E996B
:10B05000496E08800E99486E023048660E99B1F824
:10B060006A000238A1F86A000E98B0F86A00ADF8DC
:10B07000140048E0BDF8140001281BD1FFE79DF83B
:10B0800019008006002815D5FFE7099800880E9959
:10B09000496E08800E99486E023048660E99B1F8E4
:10B0A0006A000138A1F86A000E98B0F86A00ADF89D
:10B0B000140027E0FCF74CFC0899401A12998842CA
:10B0C00004D3FFE71298013018B9FFE71298C0B90E
:10B0D000FFE70E9803F044FF0E99D1F8840040F486
:10B0E0008070C1F884000E99012081F88100FFE78B
:10B0F0000E99002081F88000FFE703208DF83F00C3
:10B100002CE1FFE7FFE7FFE7FFE727E7F8E0FFE7CE
:10B11000BDF816100120019039B9FFE7BDF8140001
:10B12000002818BF01200190FFE70198C007002800
:10B1300000F0E580FFE70E9800684069800700286E
:10B1400023D5FFE7BDF81600F8B1FFE7BDF81400FE
:10B15000BDF81610079A1144884216D2FFE70E98E0
:10B160000168C06D007881F820000E99C86D01302B
:10B17000C8650E99B1F862000138A1F862000E9816
:10B18000B0F86200ADF81600FFE70E98006840695D
:10B190000690BDF81400002800F0B080FFE70E987C
:10B1A00000684069C007B8B1FFE70E98006890F8E2
:10B1B00030000E99496E08700E99486E013048664D
:10B1C0000E99B1F86A000138A1F86A000E98B0F83B
:10B1D0006A00ADF8140090E0BDF81400BDF812103C
:10B1E00088423EDAFFE79DF819000006002838D5AE
:10B1F000FFE70E98006890F830000E99496E0870CD
:10B200000E99486E013048660E98006890F830003C
:10B210000E99496E08700E99486E013048660E9876
:10B22000006890F830000E99496E08700E99486ECB
:10B23000013048660E98006890F830000E99496E0B
:10B2400008700E99486E013048660E99B1F86A0090
:10B250000438A1F86A000E98B0F86A00ADF814003E
:10B260004AE0BDF8140003281DD8FFE79DF8190037
:10B2700010F0600F17D0FFE70E98006890F83000CC
:10B280000E99496E08700E99486E013048660E9905
:10B29000B1F86A000138A1F86A000E98B0F86A00A7
:10B2A000ADF8140027E0FCF753FB0899401A1299F7
:10B2B000884204D3FFE71298013018B9FFE71298CB
:10B2C000C0B9FFE70E9803F04BFE0E99D1F8840049
:10B2D00040F48070C1F884000E99012081F881004B
:10B2E000FFE70E99002081F88000FFE703208DF82A
:10B2F0003F0033E0FFE7FFE7FFE7FFE708E7FFE78F
:10B30000FFE70E98129B08996A46116008210022F7
:10B3100003F0E2FE40B1FFE70E99D1F8840040F05F
:10B320002000C1F88400FFE70E9803F019FE0E9983
:10B33000012081F88100FFE70E99002081F880004C
:10B34000FFE70E98D0F8840020B1FFE701208DF8C8
:10B350003F0003E000208DF83F00FFE79DF83F002D
:10B3600010B080BD0000000081B0009001B07047B7
:10B3700081B0009001B0704781B0009001B070477B
:10B3800081B0009001B0704781B0009001B070476B
:10B3900085B003900291FFE7039890F83C000128E4
:10B3A00004D1FFE702208DF81300ABE003990120E0
:10B3B00081F83C00FFE7FFE70399022081F83D0098
:10B3C00003980068406801900398006880680090C6
:10B3D000039800680021C4F20101884209D0FFE708
:10B3E0000398006840F20041C4F2010188420AD18A
:10B3F000FFE7019820F470000190029841680198DD
:10B4000008430190FFE7019820F070000190029836
:10B410000168019808430190019803990968486000
:10B42000039800680021C4F2010188424ED0FFE772
:10B4300003980068B0F1804F48D0FFE70398006898
:10B4400040F20041C4F2000188423FD0FFE7039878
:10B45000006840F60001C4F20001884236D0FFE7E0
:10B460000398006840F60041C4F2000188422DD0E4
:10B47000FFE70398006840F20041C4F201018842EE
:10B4800024D0FFE70398006841F60001C4F20001F0
:10B4900088421BD0FFE70398006844F20001C4F221
:10B4A0000101884212D0FFE7039800684EF20001C4
:10B4B000C4F20001884209D0FFE7039800684EF209
:10B4C0000041C4F2000188420ED1FFE7009820F04D
:10B4D00080000090029881680098084300900098CE
:10B4E000039909688860FFE70399012081F83D000E
:10B4F000FFE70399002081F83C00FFE700208DF86A
:10B500001300FFE79DF8130005B07047000000002E
:10B5100080B582B00090009820B9FFE701208DF837
:10B52000070045E0009890F83D0040B9FFE700991A
:10B53000002081F83C00009800F03EF8FFE70099F9
:10B54000022081F83D00009951F8040B03F054FFEC
:10B550000099012081F84800FFE70099012081F857
:10B560003E00009981F83F00009981F84000009961
:10B5700081F84100009981F84200009981F8430068
:10B58000FFE7FFE70099012081F84400009981F866
:10B590004500009981F84600009981F84700FFE7CF
:10B5A0000099012081F83D0000208DF80700FFE799
:10B5B0009DF8070002B080BD80B586B00590059863
:10B5C000006841F20001C4F20001884219D1FFE78E
:10B5D000FFE744F2E840C5F60200016841F01001BF
:10B5E0000160006800F0100004900498FFE7362026
:10B5F000029005210022FCF78FFA0298FCF780FAEE
:10B6000022E00598006841F60001C4F2000188427A
:10B6100019D1FFE7FFE744F2E840C5F602000168F0
:10B6200041F040010160006800F040000390039881
:10B63000FFE72B20019005210022FCF76DFA01980D
:10B64000FCF75EFAFFE7FFE706B080BD00000000F0
:10B6500083B00190019890F83D00012804D0FFE7E5
:10B6600001208DF80B0083E00199022081F83D0054
:10B6700001980168C86840F00100C860019800683E
:10B680000021C4F2010188424ED0FFE70198006812
:10B69000B0F1804F48D0FFE70198006840F20041C8
:10B6A000C4F2000188423FD0FFE70198006840F6ED
:10B6B0000001C4F20001884236D0FFE7019800681B
:10B6C00040F60041C4F2000188422DD0FFE7019806
:10B6D000006840F20041C4F20101884224D0FFE733
:10B6E0000198006841F60001C4F2000188421BD0B5
:10B6F000FFE70198006844F20001C4F201018842AA
:10B7000012D0FFE7019800684EF20001C4F2000178
:10B71000884209D0FFE7019800684EF20041C4F268
:10B720000001884219D1FFE701980068806807216D
:10B73000C0F2010108400090009806280CD0FFE7F5
:10B740000098B0F5803F07D0FFE7019801680868CE
:10B7500040F001000860FFE706E001980168086812
:10B7600040F001000860FFE700208DF80B00FFE7C4
:10B770009DF80B0003B0704780B586B0049003912C
:10B7800000208DF80B00FFE7049890F83C0001289A
:10B7900004D1FFE702208DF81700D1E004990120C1
:10B7A00081F83C00FFE7FFE70499022081F83D00A3
:10B7B000049800688068019001984FF68871CFF670
:10B7C000CE7108400190019820F47F4001900198CB
:10B7D000049909688860039800680090002800F0C8
:10B7E0009580FFE70098102800F09080FFE7009810
:10B7F000202800F08B80FFE70098302800F086803A
:10B80000FFE70098402874D0FFE70098502856D0F2
:10B81000FFE7009860285FD0FFE7009870282AD0E3
:10B82000FFE70098B0F5805F24D0FFE70098B0F5FF
:10B83000005F35D0FFE70098B0F5801F66D0FFE7C6
:10B840000098B0F1101F61D0FFE700982021C0F2EE
:10B85000100188425AD0FFE700983021C0F2100151
:10B86000884253D0FFE700984021C0F2100188427F
:10B870004CD052E055E004980068039B5A689968E0
:10B88000DB6803F0A1FE04980068806801900198CD
:10B8900040F077000190019804990968886040E0C1
:10B8A00004980068039B5A689968DB6803F08CFE73
:10B8B00004980168886840F48040886031E004980A
:10B8C0000068039A5168D26804F00EFA0498006880
:10B8D000502103F095FE24E004980068039A516813
:10B8E000D26804F029FA04980068602103F088FE09
:10B8F00017E004980068039A5168D26804F0F4F9DC
:10B9000004980068402103F07BFE0AE00498006878
:10B910000399096803F074FE03E001208DF80B0021
:10B92000FFE70499012081F83D00FFE7049900201A
:10B9300081F83C00FFE79DF80B008DF81700FFE74A
:10B940009DF8170006B080BD81B0009001B070472F
:10B9500080B584B0039003980068C0680290039893
:10B960000068006901909DF804008007002824D534
:10B97000FFE79DF80800800700281DD5FFE7039822
:10B9800001686FF0020008610399012008770398AD
:10B9900000688069800720B1FFE70398FFF7D4FFB4
:10B9A00006E0039800F030F9039800F07DFAFFE715
:10B9B000039900200877FFE7FFE79DF804004007A0
:10B9C000002825D5FFE79DF80800400700281ED570
:10B9D000FFE7039801686FF00400086103990220F3
:10B9E000087703980068806910F4407F04D0FFE76F
:10B9F0000398FFF7A9FF06E0039800F005F9039804
:10BA000000F052FAFFE7039900200877FFE7FFE70D
:10BA10009DF804000007002824D5FFE79DF80800E2
:10BA2000000700281DD5FFE7039801686FF00800A4
:10BA3000086103990420087703980068C0698007AB
:10BA400020B1FFE70398FFF77FFF06E0039800F0BF
:10BA5000DBF8039800F028FAFFE703990020087745
:10BA6000FFE7FFE79DF80400C006002825D5FFE7A3
:10BA70009DF80800C00600281ED5FFE7039801685E
:10BA80006FF0100008610399082008770398006898
:10BA9000C06910F4407F04D0FFE70398FFF754FF1C
:10BAA00006E0039800F0B0F8039800F0FDF9FFE716
:10BAB000039900200877FFE7FFE79DF80400C0071F
:10BAC00078B1FFE79DF80800C00748B1FFE7039889
:10BAD00001686FF001000861039800F0E9F9FFE7E1
:10BAE000FFE7019800F08000802806D0FFE79DF86E
:10BAF00005008006002810D5FFE79DF80800000625
:10BB0000002809D5FFE7039801686FF40250086127
:10BB10000398FFF735FCFFE7FFE79DF80500C00736
:10BB200080B1FFE79DF808000006002809D5FFE76F
:10BB3000039801686FF4807008610398FFF71CFC9C
:10BB4000FFE7FFE79DF804004006002810D5FFE757
:10BB50009DF808004006002809D5FFE70398016812
:10BB60006FF040000861039800F0C6F9FFE7FFE7B7
:10BB70009DF804008006002810D5FFE79DF8080016
:10BB80008006002809D5FFE7039801686FF02000C0
:10BB900008610398FFF7F8FBFFE7FFE704B080BDFB
:10BBA00080B588B00790002006900590049003901F
:10BBB00002900798006840F20041C4F200018842F8
:10BBC0001ED1FFE7FFE744F2E040C5F6020001683E
:10BBD00041F002010160006800F00200019001984C
:10BBE000FFE7022002900390002104910591069046
:10BBF00040F20040C5F6020002A9FBF7BDFCFFE7DA
:10BC000008B080BD0000000081B0009001B0704716
:10BC100080B586B004900391029200208DF8070051
:10BC2000FFE7049890F83C00012804D1FFE70220C8
:10BC30008DF81700C0E00499012081F83C00FFE76F
:10BC4000FFE702980090142800F2A7800099DFE82F
:10BC500001F00BA4A4A424A4A4A43EA4A4A457A4C7
:10BC6000A4A471A4A4A48A0004980068039903F012
:10BC7000DFFC04980168886940F008008861049836
:10BC80000168886920F004008861039802690498BB
:10BC9000016888691043886183E00498006803990B
:10BCA00003F06EFD04980168886940F400608861C3
:10BCB00004980168886920F48060886103980269AB
:10BCC00004980168886940EA0220886169E0049864
:10BCD0000068039903F00CFE04980168C86940F0FD
:10BCE0000800C86104980168C86920F00400C861B0
:10BCF0000398026904980168C8691043C86150E05C
:10BD000004980068039903F0ABFE04980168C869C1
:10BD100040F40060C86104980168C86920F480603C
:10BD2000C8610398026904980168C86940EA022062
:10BD3000C86136E004980068039903F001FF049895
:10BD40000168486D40F00800486504980168486D36
:10BD500020F0040048650398026904980168486D62
:10BD6000104348651DE004980068039903F050FFF4
:10BD700004980168486D40F40060486504980168C3
:10BD8000486D20F480604865039802690498016852
:10BD9000486D40EA0220486503E001208DF8070065
:10BDA000FFE7FFE70499002081F83C00FFE79DF8DA
:10BDB00007008DF81700FFE79DF8170006B080BD5B
:10BDC00080B582B00090009820B9FFE701208DF87F
:10BDD000070045E0009890F83D0040B9FFE7009962
:10BDE000002081F83C00009800F03EF8FFE7009941
:10BDF000022081F83D00009951F8040B03F0FCFA91
:10BE00000099012081F84800FFE70099012081F89E
:10BE10003E00009981F83F00009981F840000099A8
:10BE200081F84100009981F84200009981F84300AF
:10BE3000FFE7FFE70099012081F84400009981F8AD
:10BE40004500009981F84600009981F84700FFE716
:10BE50000099012081F83D0000208DF80700FFE7E0
:10BE60009DF8070002B080BD82B001900198006883
:10BE700040F20041C4F20001884210D1FFE7FFE721
:10BE800044F2E840C5F60200016841F00201016099
:10BE9000006800F0020000900098FFE7FFE702B0A2
:10BEA000704700000000000081B0009001B07047B2
:10BEB00080B582B00190019800680021C4F20101B0
:10BEC000884203D1FFE7FBF74BFDFFE701980068CD
:10BED00041F20001C4F20001884201D1FFE7FFE70F
:10BEE0000198006841F60001C4F20001884201D1C6
:10BEF000FFE7FFE702B080BD81B0009001B070475E
:10BF000083B00190FFE7019890F88400012804D1E4
:10BF1000FFE702208DF80B002CE00199012081F849
:10BF20008400FFE7FFE701992420C1F88800019809
:10BF300000680068009001980168086820F001001E
:10BF40000860009820F00050009001990020486699
:10BF5000009801990968086001992020C1F88800BB
:10BF6000FFE70199002081F88400FFE700208DF8A9
:10BF70000B00FFE79DF80B0003B0704700000000C6
:10BF800080B586B004900391ADF80A2000208DF8AA
:10BF900009000498D0F88C0020283DD1FFE70398D1
:10BFA00020B1FFE7BDF80A0020B9FFE701208DF8B6
:10BFB000170035E004990120C8660499002008673D
:10BFC00004980399BDF80A2005F09EFB0498C06E02
:10BFD000012818D1FFE70498016810200862FFE7E4
:10BFE000FFE70498006850E8000F40F0100001904F
:10BFF000FFE701990498026842E800100028F0D198
:10C00000FFE7FFE703E001208DF80900FFE79DF857
:10C0100009008DF8170003E002208DF81700FFE7F4
:10C020009DF8170006B080BD80B582B00190ADF8D4
:10C0300002100198BDF8021006F04EFB02B080BD60
:10C0400081B0009001B0704780B584B0029001913A
:10C05000FFE7029890F88400012804D1FFE702204E
:10C060008DF80F0032E00299012081F88400FFE78B
:10C07000FFE702992420C1F8880002980068006850
:10C08000009002980168086820F00100086002989A
:10C090000068806820F0606001990843029909688F
:10C0A0008860029803F0ACFE009802990968086065
:10C0B00002992020C1F88800FFE70299002081F84A
:10C0C0008400FFE700208DF80F00FFE79DF80F00C8
:10C0D00004B080BD0000000080B584B002900191E2
:10C0E000FFE7029890F88400012804D1FFE70220BE
:10C0F0008DF80F0032E00299012081F88400FFE7FB
:10C10000FFE702992420C1F88800029800680068BF
:10C11000009002980168086820F001000860029809
:10C120000068806820F0604001990843029909681E
:10C130008860029803F064FE00980299096808601C
:10C1400002992020C1F88800FFE70299002081F8B9
:10C150008400FFE700208DF80F00FFE79DF80F0037
:10C1600004B080BD0000000081B0009001B07047B5
:10C1700081B0009001B0704781B0009001B070476D
:10C1800080B592B0119011980068C0691090119814
:10C19000006800680F901198006880680E901098F1
:10C1A00040F60F0108400D900D98E0B9FFE79DF8AB
:10C1B00040008006002815D5FFE79DF83C0080066A
:10C1C000002806D4FFE79DF83B00C006002809D5EB
:10C1D000FFE71198406F20B1FFE71198416F884742
:10C1E000FFE72FE3FFE70D98002800F00C81FFE741
:10C1F0000E980121C1F20001084209D1FFE70F9812
:10C2000040F22011C0F20041084200F0FC80FFE73C
:10C210009DF84000C00788B1FFE79DF83D00C007CA
:10C2200060B1FFE711980168012008621199D1F807
:10C23000900040F00100C1F89000FFE79DF8400039
:10C240008007002811D5FFE79DF83800C00760B1CE
:10C25000FFE711980168022008621199D1F8900057
:10C2600040F00400C1F89000FFE79DF8400040074F
:10C27000002811D5FFE79DF83800C00760B1FFE73F
:10C2800011980168042008621199D1F8900040F0DB
:10C290000200C1F89000FFE79DF840000007002869
:10C2A00019D5FFE79DF83C008006002807D4FFE77A
:10C2B0000E980121C1F2000108420CD0FFE711984D
:10C2C0000168082008621199D1F8900040F0080038
:10C2D000C1F89000FFE79DF841000007002813D542
:10C2E000FFE79DF83F00400700280DD5FFE71198B4
:10C2F00001684FF4006008621199D1F8900040F095
:10C300002000C1F89000FFE71198D0F890000028B5
:10C3100078D0FFE79DF840008006002815D5FFE79C
:10C320009DF83C008006002806D4FFE79DF83B00FE
:10C33000C006002809D5FFE71198406F20B1FFE73C
:10C340001198416F8847FFE7FFE71198D0F89000F8
:10C350000C9011980068806800F04000402806D0DA
:10C36000FFE79DF8300010F0280F42D0FFE711984A
:10C3700003F072FF1198006880684006002833D5EA
:10C38000FFE7FFE7FFE71198006850E8020F20F091
:10C3900040000B90FFE70B991198026842E80210E9
:10C3A0000028F0D1FFE7FFE71198D0F88000B0B186
:10C3B000FFE71198D0F8801040F21910C0F6010084
:10C3C00008651198D0F88000F7F7C6F930B1FFE79B
:10C3D0001198D0F88000016D8847FFE703E01198BD
:10C3E000FFF7CAFEFFE703E01198FFF7C5FEFFE77E
:10C3F00007E01198FFF7C0FE11990020C1F89000E6
:10C40000FFE7FFE71EE21198C06E012840F0BB81F4
:10C41000FFE79DF84000C006002840F1B481FFE727
:10C420009DF83C00C006002840F1AD81FFE711985F
:10C430000168102008621198006880684006002892
:10C4400040F13F81FFE71198D0F88000006810218B
:10C45000C4F20201884200F0A280FFE71198D0F8F0
:10C46000800000682821C4F20201884200F0978011
:10C47000FFE71198D0F8800000684021C4F2020163
:10C48000884200F08C80FFE71198D0F880000068A7
:10C490005821C4F20201884200F08180FFE7119820
:10C4A000D0F8800000687021C4F20201884276D082
:10C4B000FFE71198D0F8800000688821C4F20201DB
:10C4C00088426CD0FFE71198D0F880000068A02166
:10C4D000C4F20201884262D0FFE71198D0F88000D0
:10C4E0000068B821C4F20201884258D0FFE71198D1
:10C4F000D0F88000006840F21041C4F20201884286
:10C500004DD0FFE71198D0F88000006840F2284134
:10C51000C4F20201884242D0FFE71198D0F88000AF
:10C52000006840F24041C4F20201884237D0FFE780
:10C530001198D0F88000006840F25841C4F202011E
:10C5400088422CD0FFE71198D0F88000006840F2B4
:10C550007041C4F20201884221D0FFE71198D0F85F
:10C560008000006840F28841C4F20201884216D07F
:10C57000FFE71198D0F88000006840F2A041C4F2B3
:10C58000020188420BD0FFE71198D0F880000068C4
:10C5900040F2B841C4F20201884207D1FFE7119886
:10C5A000D0F8800000684068019006E01198D0F84B
:10C5B0008000006840680190FFE70198ADF82A000C
:10C5C000BDF82A0000287BD0FFE7BDF82A001199AA
:10C5D000B1F85C10884273DAFFE7BDF82A001199C0
:10C5E000A1F85E001198D0F88000C069B0F5807F96
:10C5F00059D0FFE7FFE7FFE71198006850E8000F08
:10C6000020F480700990FFE709991198026842E8C8
:10C6100000100028F0D1FFE7FFE7FFE7FFE71198E0
:10C62000006850E8020F20F001000890FFE7089929
:10C630001198026842E802100028F0D1FFE7FFE7F6
:10C64000FFE7FFE71198006850E8020F20F0400074
:10C650000790FFE707991198026842E80210002846
:10C66000F0D1FFE7FFE711992020C1F88C00119964
:10C670000020C866FFE7FFE71198006850E8000F48
:10C6800020F010000690FFE706991198026842E832
:10C6900000100028F0D1FFE7FFE71198D0F88000E4
:10C6A000F6F79EFBFFE71199022008671198B0F892
:10C6B0005C10B0F85E20891A89B2FFF7B5FCFFE77D
:10C6C000C0E01199B1F85C00B1F85E10401AADF805
:10C6D00016001198B0F85E00002853D0FFE7BDF8AF
:10C6E000160000284ED0FFE7FFE7FFE7119800682B
:10C6F00050E8000F20F490700490FFE7049911981F
:10C70000026842E800100028F0D1FFE7FFE7FFE7EA
:10C71000FFE71198006850E8020F4FF6FE71CEF661
:10C72000FF7108400390FFE703991198026842E8FF
:10C7300002100028EDD1FFE7FFE711992020C1F892
:10C740008C0011990020C86611994867FFE7FFE740
:10C750001198006850E8000F20F010000290FFE7E9
:10C7600002991198026842E800100028F0D1FFE712
:10C77000FFE71199022008671198BDF81610FFF71E
:10C7800053FCFFE75EE09DF84200C00600280FD58D
:10C79000FFE79DF83A004006002809D5FFE7119809
:10C7A00001684FF4801008621198FFF7E1FC49E03E
:10C7B0009DF840000006002815D5FFE79DF83C00D5
:10C7C0000006002806D4FFE79DF83A00000600287E
:10C7D00009D5FFE71198806F20B1FFE71198816FAD
:10C7E0008847FFE72EE09DF84000400600280AD564
:10C7F000FFE79DF83C004006002804D5FFE71198AC
:10C8000003F07AFD1EE09DF84200000600280AD5DC
:10C81000FFE79DF83F004006002804D5FFE7119888
:10C82000FFF7A2FC0EE09DF84300C00750B1FFE700
:10C830009DF83F000006002804D5FFE71198FFF798
:10C84000FFFBFFE712B080BD80B582B0009000987A
:10C8500020B9FFE701208DF8070046E000988069C5
:10C8600008B1FFE700E0FFE70098D0F8880040B982
:10C87000FFE70099002081F88400009800F03CF860
:10C88000FFE700992420C1F8880000980168086833
:10C8900020F0010008600098806A20B1FFE700984E
:10C8A00003F0F2FAFFE7009804F006FA012804D139
:10C8B000FFE701208DF8070017E00098016848683D
:10C8C00020F49040486000980168886820F02A00B1
:10C8D000886000980168086840F0010008600098CE
:10C8E00003F076FB8DF80700FFE79DF8070002B024
:10C8F00080BD00000000000080B5CAB04990002053
:10C900004890479046904590449016A8B821F3F778
:10C9100093FE4998006845F20001C4F20001884284
:10C920006BD1FFE70020179002211691339016A8D3
:10C93000FBF72AFC18B1FFE7F6F772F8FFE7FFE70D
:10C9400044F2E840C5F60200016841F4801101603C
:10C95000006800F4801015901598FFE7FFE744F297
:10C96000E040C5F60200016841F004010160006882
:10C9700000F0040014901498FFE7FFE744F2E04051
:10C98000C5F60200016841F008010160006800F08E
:10C99000080013901398FFE74FF480504490022052
:10C9A0000A90459000200D904690479008200B90EB
:10C9B000489040F60000C5F6020044A90C91FAF731
:10C9C000DBFD0A9B0B980C990D9A4FF0040CCDF8E7
:10C9D00010C1459346924792489040F60040C5F6F4
:10C9E0000200FAF7C9FD0D9A35200E900521FBF7DC
:10C9F00093F80E98FBF784F802E14998006847F62F
:10CA00000001C4F20001884247D1FFE700201790DF
:10CA100002211691339016A8FBF7B6FB18B1FFE779
:10CA2000F5F7FEFFFFE7FFE744F2E840C5F6020036
:10CA3000016841F080410160006800F08040129080
:10CA40001298FFE7FFE744F2E040C5F602000168F4
:10CA500041F010010160006800F010001190119881
:10CA6000FFE74FF4C07044900220459000200890EA
:10CA7000469047900720489041F20000C5F602001A
:10CA800044A9FAF779FD089A522009900521FBF78D
:10CA900043F80998FBF734F8B1E04998006841F68B
:10CAA0000041C4F20101884240F0A880FFE7002065
:10CAB000179001211691349016A8FBF765FB18B169
:10CAC000FFE7F5F7ADFFFFE7FFE744F2F040C5F6FB
:10CAD0000200016841F080010160006800F0800000
:10CAE00010901098FFE7FFE744F2E040C5F602001F
:10CAF000016841F010010160006800F010000F9023
:10CB00000F98FFE7042044900221039145910021F2
:10CB1000069146914791489041F20000C5F6020007
:10CB2000049044A90591FAF727FD039B0498059901
:10CB3000069A4FF0080CCDF810C1459346924792E3
:10CB40000B224892FAF718FD069942F69000C2F2BD
:10CB5000004007904022C4F2020202607622426046
:10CB60008160C1604FF48062026141618161C16195
:10CB700001624162F8F728FA18B1FFE7F5F750FFB4
:10CB8000FFE7FFE7499842F69001C2F20041C0F882
:10CB9000801049988863FFE742F60810C2F200400F
:10CBA00002905821C4F202010160772141604021C6
:10CBB00081600021C1604FF4806202614161816146
:10CBC000C16101624162F8F7FFF918B1FFE7F5F7BB
:10CBD00027FFFFE7FFE7499842F60811C2F200413C
:10CBE000C16749988863FFE79C20019005210022D6
:10CBF000FAF792FF0198FAF783FFFFE7FFE7FFE7F5
:10CC00004AB080BD0000000080B586B0049003915A
:10CC1000ADF80A200498D0F88C0020283CD1FFE71A
:10CC2000039820B1FFE7BDF80A0020B9FFE7012013
:10CC30008DF8170034E004990020C8660498006855
:10CC400040F60041C5F6000188421CD0FFE7049879
:10CC5000006840680002002814D5FFE7FFE7FFE7FF
:10CC60000498006850E8000F40F080600190FFE7F2
:10CC700001990498026842E800100028F0D1FFE70B
:10CC8000FFE7FFE7FFE704980399BDF80A2004F0E7
:10CC90003BFD8DF8170003E002208DF81700FFE739
:10CCA0009DF8170006B080BD80B582B00190019854
:10CCB00005F05AF8019806F00FF802B080BD0000A8
:10CCC00080B586B004900391ADF80A200498D0F89E
:10CCD0008800202870D1FFE7039820B1FFE7BDF856
:10CCE0000A0020B9FFE701208DF8170068E00398DB
:10CCF00004990865BDF80A000499A1F85400BDF82C
:10CD00000A000499A1F8560004990020C1F8900087
:10CD100004992120C1F888000498C06F88B3FFE708
:10CD20000498C16F40F2C110C0F60100C8630498B6
:10CD3000C16F40F24120C0F6010008640498C16F41
:10CD400040F24110C0F60100C8640498C16F002091
:10CD5000086504980268016DC06F2832BDF80A307A
:10CD6000F8F7E6FD60B1FFE704991020C1F89000E4
:10CD700004992020C1F8880001208DF817001FE0D9
:10CD8000FFE70498016840200862FFE7FFE7049886
:10CD9000006850E8020F40F080000190FFE7019921
:10CDA0000498026842E802100028F0D1FFE7FFE78C
:10CDB00000208DF8170003E002208DF81700FFE730
:10CDC0009DF8170006B080BD81B0009001B070479B
:10CDD00081B0009001B0704780B584B00390039992
:10CDE000002001900874039BD3F8FC00596843F2BB
:10CDF000E202C2F20042009212889B7B5A43F3F790
:10CE0000C7FB0099039A50680988927B5143F3F756
:10CE100013FC0099039AD2F824010988927B5143AC
:10CE20005143F3F709FC0099039AD2F818010988D5
:10CE3000137B927B59435143F3F7FEFB01988DF826
:10CE40000B00FFE79DF80B000399897B884243DACA
:10CE5000FFE70398D0F8FC009DF80B1000EB810071
:10CE600090ED000AB5EE400AF1EE10FA2DD0FFE782
:10CE7000039AD2F8FC109DF80B0051F82000127CA8
:10CE800041F822009DF80B00039A516A127C8854E5
:10CE9000DDF80CC0DCF818009DF80BE050F82E000F
:10CEA000DCF818119CF80C209CF81030DCF814C049
:10CEB0001CF80EC012FB03C201EB820141F8040C06
:10CEC0000399087C01300874FFE7FFE79DF80B0029
:10CED00001308DF80B00B5E700208DF80A00FFE760
:10CEE0009DF80A000399097C884216DAFFE7039B44
:10CEF000D869596A9DF80A20895C50F82100D3F856
:10CF000024111B7C12FB032241F82200FFE79DF84D
:10CF10000A0001308DF80A00E2E70399087CA1F8C5
:10CF200080000399087BA1F882000399087BA1F88F
:10CF300088000399087CA1F88A000399087CA1F86D
:10CF400098000399087CA1F89A000399087BA1F83E
:10CF5000A0000399087CA1F8A2000399087CA1F81D
:10CF6000480004B080BD0000FFE7FEE700000000BD
:10CF700080B542F6E060C2F20040B7EE000ADFED95
:10CF8000080A9FED081A09F0A3F840F2C421C2F282
:10CF900000414DF24E10C3F61140086480BD00BF41
:10CFA000000000006F12833A80B582B00190FFE765
:10CFB00000F002F8FCE7000080B588B0FFF7D8FF6A
:10CFC000FFE740F25830C2F20040F5F78DFB42F621
:10CFD000D460C2F2004080ED000A006842F6E061D1
:10CFE000C2F200410291886040F25C10C2F200403F
:10CFF0000190F3F7E9FC019B0298196840F2C42CF8
:10D00000C2F2004CCDF80CC0CCF81C105968CCF81A
:10D0100020109968CCF824101A6840F25011C2F21E
:10D0200000410A605A684A609A688A60DA68CCF8F7
:10D0300010201A69CCF814205A69CCF81820D3F8BB
:10D040000CC040F2B422C2F20042C2F800C0D3F8D1
:10D0500010C0C2F804C05B69936092ED000AD2ED83
:10D06000010A92ED021AD1ED001A91ED012AD1EDDB
:10D07000022A09F05DF8029809F09EF8029809F07A
:10D0800077F8029801F0A8FE0298039A016B1160EC
:10D09000416B5160816B9160C06BD06040F2680061
:10D0A000C2F2004005A9F5F737FC00208DF8130007
:10D0B000FFE79DF81300022830DCFFE79DF813001E
:10D0C00040F2C421C2F2004105AA02EB800292EDB7
:10D0D000002A01EB800090ED070A90ED0A1A30EE6D
:10D0E000420A42F6D462C2F2004292ED002A20EED9
:10D0F000020A91ED103A33EE022A80EE020A21EE86
:10D10000031A81EE021A30EE010A80ED0A0AFFE7E7
:10D110009DF8130001308DF81300CAE740F2C422D5
:10D12000C2F20042009202F1280002F13401F3F74A
:10D13000BBFE009890ED0D0AB0EEC00A9FED5C1AA0
:10D14000B4EE410AF1EE10FA07DAFFE740F2C4212B
:10D15000C2F2004100204863FFE740F2C420C2F25F
:10D16000004090ED0E0AB0EEC00A9FED511AB4EEE9
:10D17000410AF1EE10FA07DAFFE740F2C421C2F2E9
:10D18000004100208863FFE740F2C420C2F2004063
:10D1900090ED0F0AB0EEC00A9FED461AB4EE410AB8
:10D1A000F1EE10FA07DAFFE740F2C421C2F20041C3
:10D1B0000020C863FFE742F6D860C2F2004090ED5D
:10D1C000000A9FED3D1AB4EE410AF1EE10FA5EDD61
:10D1D000FFE740F2C420C2F20040012180F8901025
:10D1E00042F6E061C2F200418A6E42674A6E02670F
:10D1F000C96E816790ED1E0A90ED201A30EE410A4B
:10D200009FED2E1AB4EE410AF1EE10FA0DDDFFE7A4
:10D2100040F2C420C2F2004090ED210ABFEE001A95
:10D2200030EE010A80ED210A1FE040F2C420C2F274
:10D23000004090ED1E0A90ED201A30EE410A9FED5D
:10D24000201AB4EE410AF1EE10FA0DDAFFE740F2CF
:10D25000C420C2F2004090ED210AB7EE001A30EE71
:10D26000010A80ED210AFFE7FFE740F2C421C2F284
:10D27000004191ED1E0A91ED211A9FED122AA1EEB7
:10D28000020A81ED1F0A886FC1F880000CE042F6A7
:10D29000D860C2F2004090ED000AB7EE001A30EEFE
:10D2A000010A80ED000AFFE7012009F071F988E624
:10D2B0000AD7A33C0AD7233D00803B45DA0F4940FB
:10D2C000DA0F49C0560EC94080B58AB009908DF872
:10D2D00023108DF822208DF8213043F2E201C2F2B2
:10D2E000004106910420088043F2E001C2F20041AF
:10D2F000082008809DF82300099908739DF82200F2
:10D30000099948739DF821000999887309990020AB
:10D3100008749DF82100F3F74FF8099948610998BE
:10D3200040699DF82110F3F765F9069800889DF88B
:10D3300021104843F3F740F80699099A906109983B
:10D34000806909889DF821205143F3F775F9069803
:10D3500000889DF821104843F3F72EF80699099AA2
:10D36000D0610998C06909889DF821205143F3F7DD
:10D3700063F9069800889DF823104843F3F71CF8DA
:10D380000699099A10620998006A09889DF8232075
:10D390005143F3F751F99DF82100F3F70DF809997E
:10D3A00048620998406A9DF82110F3F723F906981E
:10D3B00000889DF823104843F2F7FEFF0699099A6A
:10D3C00010600998006809889DF823205143F3F7FD
:10D3D00033F9069800889DF821104843F2F7ECFFD6
:10D3E0000699099A50600998406809889DF821209B
:10D3F0005143F3F721F9069800889DF8221048431D
:10D40000F2F7DAFF0699099A90600998806809880E
:10D410009DF822205143F3F70FF9069800889DF8F4
:10D4200023104843F2F7C8FF0699099AC2F8F000A2
:10D430000998D0F8F00009889DF823205143F3F7AC
:10D44000FBF8099A02F13000117BD2F8F03001228A
:10D45000079208F02DF8069800889DF8231048439D
:10D46000F2F7AAFF0699099AC2F8F4000998D0F8D1
:10D47000F40009889DF823205143F3F7DDF8079A5B
:10D48000099B03F13800197BD3F8F43008F010F849
:10D490009DF8220010B3FFE743F2E200C2F2004021
:10D4A000059000889DF822104843F2F785FF059902
:10D4B000099AC2F8F8000998D0F8F80009889DF890
:10D4C00022205143F3F7B8F8099A02F14000517B4A
:10D4D000D2F8F830012207F0EBFFFFE743F2E20059
:10D4E000C2F20040049000889DF821104843F2F7F2
:10D4F00063FF0499099AC2F8FC000998D0F8FC006F
:10D5000009889DF821205143F3F796F8099A02F112
:10D510004800917BD2F8FC30012207F0C9FF049843
:10D5200000889DF8231048434843F2F745FF0499CB
:10D53000099AC2F800010998D0F8000109889DF8FD
:10D54000232051435143F3F777F8099901F1500033
:10D550000A7BD1F80031114607F0AAFF0498008831
:10D560009DF8231048434843F2F726FF0499099A8F
:10D57000C2F804010998D0F8040109889DF8232015
:10D5800051435143F3F758F8099901F158000A7BC8
:10D59000D1F80431114607F08BFF049800889DF8FC
:10D5A000231048434843F2F707FF01460498099ABD
:10D5B000C2F8081100889DF8231048434843F2F749
:10D5C000FBFE0499099AC2F80C010998D0F80801E9
:10D5D00009889DF8232051435143F3F72DF804990E
:10D5E0000998D0F80C0109889DF823205143514334
:10D5F000F3F722F8099901F160000A7BD1F80831AC
:10D60000114607F055FF099901F168000A7BD1F82E
:10D610000C31114607F04CFF9DF8220040B3FFE7A4
:10D6200043F2E200C2F20040039000889DF823100C
:10D6300048439DF822104843F2F7BEFE0399099A29
:10D64000C2F814010998D0F8140109889DF8232024
:10D6500051439DF822205143F2F7EEFF099B03F15D
:10D660007800197B5A7BD3F8143107F021FFFFE7CC
:10D6700043F2E200C2F20040019000889DF82110C0
:10D6800048439DF823104843F2F796FE014601985F
:10D69000099AC2F8181100889DF8231048439DF894
:10D6A00021104843F2F788FE0199099AC2F81C013B
:10D6B0000998D0F8180109889DF8212051439DF858
:10D6C00023205143F2F7B8FF01990998D0F81C01C3
:10D6D00009889DF8232051439DF821205143F2F7FA
:10D6E000ABFF099B03F180001A7B997BD3F81831BB
:10D6F00007F0DEFE099B03F18800197B9A7BD3F8C3
:10D700001C3107F0D5FE019800889DF8231048438E
:10D710004843F2F751FE0199099AC2F8200109988D
:10D72000D0F8200109889DF8232051435143F2F796
:10D7300083FF099901F190000A7BD1F8203111464D
:10D7400007F0B6FE019800889DF821104843484331
:10D75000F2F732FE0199099AC2F824010998D0F82B
:10D76000240109889DF8212051435143F2F764FFB9
:10D77000099901F198008A7BD1F82431114607F00C
:10D7800097FE019800889DF8231048439DF82110CA
:10D790004843F2F711FE0199099AC2F82801099845
:10D7A000D0F8280109889DF8232051439DF82120B5
:10D7B0005143F2F741FF099B03F1A000197B9A7BCB
:10D7C000D3F8283107F074FE019800880999097B85
:10D7D00048434843F2F7F0FD01460198099AC2F820
:10D7E0002C1100880999097B48434843F2F7E4FD6E
:10D7F00001460198099AC2F8301100880999097BFD
:10D8000048434843F2F7D8FD01460198099AC2F807
:10D81000341100880999097B4843F2F7CDFD014690
:10D820000198099AC2F8381100880999097B484380
:10D83000F2F7C2FD0999C1F83C01099901F1A8006C
:10D840000A7BD1F82C31114607F032FE099901F11B
:10D85000B0000A7BD1F83031114607F029FE099952
:10D8600001F1B8000A7BD1F83431114607F020FEEF
:10D87000099A02F1C000117BD2F8383101220292DC
:10D8800007F016FE029A099B03F1C800197BD3F832
:10D890003C3107F00DFE0999002081F82800099914
:10D8A00081F82900099981F82A00099981F82B004B
:10D8B000099981F82C000AB080BD0000000000002A
:10D8C00080B582B001900198C07B20B1FFE701983C
:10D8D000FFF782FA16E0019BD3F8FC00596843F287
:10D8E000E202C2F20042009212889B7B5A43F2F796
:10D8F0004FFE0099019A50680988927B5143F2F7D4
:10D900009BFEFFE7019BD3F8F800996843F2E2021F
:10D91000C2F2004212885B7B5A43F2F739FE02B032
:10D9200080BD00000000000080B582B00190019829
:10D9300090F82C00B0BBFFE70199B1F8A000A1F866
:10D94000B0000199B1F88200A1F8B2000199B1F8D4
:10D95000B000A1F8B8000199B1F85A00A1F8BA00D6
:10D96000019A02F1A00002F18001B03208F090F8B3
:10D97000019981F8D000019A02F1B00002F158013A
:10D98000B83208F085F8019981F8D000019A02F1C7
:10D99000580002F1B801503208F002F9019981F8FB
:10D9A000D000FFE702B080BD80B582B00190019841
:10D9B00090F82900A8BBFFE7019901F160006831E8
:10D9C00008F022F9019981F8D000019A02F1600073
:10D9D00002F15001583208F05BF8019981F8D0004B
:10D9E0000199B1F85800A1F8B0000199B1F86A00A6
:10D9F000A1F8B200019A02F1580002F16801B032B8
:10DA000008F046F8019981F8D000019A02F1B000BF
:10DA100002F19001583207F017FD019981F8D0000A
:10DA2000FFE702B080BD000080B582B00190019890
:10DA300090F82A00002872D1FFE7019901F18000D7
:10DA4000883108F0E1F8019981F8D0000199B1F826
:10DA50008000A1F8B0000199B1F85A00A1F8B20015
:10DA6000019A02F1800002F15801B03208F010F87A
:10DA7000019981F8D0000199B1F8B000A1F8B8007F
:10DA80000199B1F88A00A1F8BA00019A02F1B00038
:10DA900002F18801B83207F0FBFF019981F8D0004C
:10DAA0000199B1F89800A1F8A8000199B1F89A007D
:10DAB000A1F8AA00019A02F1B80002F19801A83277
:10DAC00007F0C2FC019981F8D000019901F1A8008A
:10DAD000B83107F001FD019981F8D0000199B1F842
:10DAE0005800A1F8B0000199B1F88A00A1F8B2007D
:10DAF000019A02F1580002F18801B03207F0C8FF24
:10DB0000019981F8D000019A02F1B00002F1B80148
:10DB1000A03207F0BDFF019981F8D000FFE702B005
:10DB200080BD00000000000080B584B00390039821
:10DB3000FFF7C6FE0398D0F8D40028B1FFE703989A
:10DB4000D0F8D4108847FFE7039800F0B5F80398A1
:10DB5000D0F8D80028B1FFE70398D0F8D81088474C
:10DB6000FFE70398FFF720FF0398D0F8DC0028B107
:10DB7000FFE70398D0F8DC108847FFE70398007CA4
:10DB800020B9FFE70398C07BF0B9FFE70398FFF7E0
:10DB90004BFF0398D0F8E00028B1FFE70398D0F8D6
:10DBA000E0108847FFE7039800F0DAF80398D0F810
:10DBB000E40028B1FFE70398D0F8E4108847FFE7B6
:10DBC0000398FFF7B1FE1BE0039BD3F8F000D3F8F6
:10DBD000F41043F2E202C2F20042019212881B7B6F
:10DBE0005A43F2F7D5FC019A039BD3F80001D3F80E
:10DBF000041112881B7B5A435A43F2F7C9FCFFE712
:10DC00000398D0F8E80028B1FFE70398D0F8E810AF
:10DC10008847FFE700208DF80B00FFE79DF80B0019
:10DC20000399097B88422CDAFFE70398D0F800219A
:10DC30009DF80B10037B11FB031302EB830292EDA3
:10DC4000000A006A00EB810090ED001AB4EE410A70
:10DC5000F1EE10FA0EDAFFE7039B186A9DF80B202D
:10DC600050F82200D3F800111B7B12FB032241F86D
:10DC70002200FFE7FFE79DF80B0001308DF80B0055
:10DC8000CCE7039B1868D3F8F01043F2E202C2F22B
:10DC9000004212881B7B5A43F2F77AFC0398D0F8B3
:10DCA000EC0028B1FFE70398D0F8EC108847FFE7B5
:10DCB0000398006804B080BD80B582B001900198DF
:10DCC00090F82800002846D1FFE70198407B012802
:10DCD00034DBFFE70199087BA1F8C000019901201E
:10DCE0000090A1F8C200019A02F1600002F1300137
:10DCF000C03207F0CDFE01460098019A82F8D0109C
:10DD0000019A117BA2F8C8100199A1F8CA00019AE2
:10DD100002F1780002F14001C83207F0B9FE019922
:10DD200081F8D000019A02F1C00002F1C801383236
:10DD300007F08AFB019981F8D0000BE0019A02F10B
:10DD4000600002F13001383207F0A2FE019981F83B
:10DD5000D000FFE7FFE702B080BD00000000000038
:10DD600080B582B00190019890F82B0000284BD12B
:10DD7000FFE70199B1F88000A1F8C00001990120E6
:10DD80000090A1F8C200019A02F1800002F138016E
:10DD9000C03207F07DFE01460098019A82F8D0104B
:10DDA000019AB2F84810A2F8C8100199A1F8CA0067
:10DDB000019A02F1480002F1C001C83207F0F0FEFA
:10DDC00001460098019A82F8D010019AB2F8A0108A
:10DDD000A2F8C0100199A1F8C200019A02F1A000B6
:10DDE00002F1C801C03207F053FE019981F8D0005A
:10DDF000019A02F1380002F1C001303207F024FB31
:10DE0000019981F8D000FFE702B080BD000000005A
:10DE100080B58EB0FFE740F2C420C2F2004090F817
:10DE2000900020B9FFE7012008F0B2FBF3E746F6C7
:10DE3000F050C2F2004003F0BFFEFFE742F2403074
:10DE4000C2F2004001210D9105F072FEB1EE400AD0
:10DE500040F2C420C2F200400B9090ED041A30EE64
:10DE6000410A40F63C00C2F20040019090ED0E1ACB
:10DE700030EE010A42F28461C2F2004181ED000AF3
:10DE800091ED000A8DED000A90ED0B1A90ED210A3C
:10DE900090ED222A21EE021A8DED021A07F054FAB3
:10DEA0009DED001A0198B0EE402A9DED020A20EE89
:10DEB000020A9FED522A8DED052AA1EE020A8DED90
:10DEC000040A90ED210A90ED251A8DED031A07F052
:10DED000E3FE9DED031A0D99B0EE402A9DED040A74
:10DEE000A1EE020A42F28C60C2F200400A9080ED7C
:10DEF000000A42F27020C2F2004005F019FE0B98B1
:10DF0000B0EE401A90ED040A30EE411A40F29070E3
:10DF1000C2F20040079090ED0E0A30EE010A42F284
:10DF20008061C2F2004181ED000A91ED000A8DEDA1
:10DF3000060A90ED0B1A90ED210A90ED222A21EEAF
:10DF4000021A8DED081A07F0FFF99DED052A9DEDE7
:10DF5000061A0798B0EE403A9DED080A20EE030A33
:10DF6000A1EE020A8DED0C0A90ED210A90ED251A22
:10DF70008DED091A07F090FE9DED091A0A9A0B998A
:10DF8000B0EE402A9DED0C0AA1EE020A42F2886032
:10DF9000C2F2004080ED000A92ED000A90ED001AF6
:10DFA00030EE410AB0EE001A80EE010A42F29060B3
:10DFB000C2F2004080ED000A91ED0B0AD0ED000A9C
:10DFC00046F6F050C2F2004003F066FE0D9846F6A9
:10DFD0003071C2F200410A6842F2E861C2F20041C7
:10DFE0000A6291ED081A91ED090A9FED052AA1EE4A
:10DFF000020A81ED090A08F0CBFA1FE7EC51B83D9F
:10E000006F12833A0000000080B588B0FFE744F249
:10E01000D840C5F60200016841F0010101600068C6
:10E0200000F0010007900798FFE70B200190052101
:10E03000049100220592F9F76FFD0198F9F760FD50
:10E040000499059A0C200290F9F766FD0298F9F7F9
:10E0500057FD0499059A0D200390F9F75DFD03988B
:10E06000F9F74EFD0499059A0E200690F9F754FD34
:10E070000698F9F745FD08B080BD000000000000DB
:10E0800080B582B042F68010C2F2004000904AF2A1
:10E090000001C4F200010160002201928260C260AE
:10E0A000027442748274042343614FF0010EC0F87D
:10E0B00018E04FF0130CC0F81CC005210162436248
:10E0C000C0F828E0C0F82CC0016342638163C163DB
:10E0D0000364082141648264C1640265436582650A
:10E0E000C265016642668166F8F7C6FD18B1FFE7B2
:10E0F000F4F796FCFFE702B080BD000000000000CE
:10E1000080B582B042F62020C2F2004000904AF270
:10E110000041C4F200010160002101918160C160F1
:10E12000017441748174052242614FF0010CC0F802
:10E1300018C00E23C36102624262C0F828C0C362E5
:10E14000026340F2563343638263C2630164042274
:10E15000426482640823C364016542658165C165C8
:10E160000266416606218166F8F786FD18B1FFE771
:10E17000F4F756FCFFE702B080BD0000000000008D
:10E1800080B582B042F6C020C2F2004000904DF24D
:10E190000041C4F200010160002101918160C16071
:10E1A000017441748174082343614FF0010CC0F87D
:10E1B00018C01322C261052202624262C0F828C060
:10E1C0004FF00E0CC0F82CC0026340F2563CC0F871
:10E1D00034C08263C2630222026404224264826405
:10E1E000C364016542658165C165026641660621B9
:10E1F0008166F8F741FD18B1FFE7F4F711FCFFE77E
:10E2000002B080BD00000000B0B5ACB048F26410B0
:10E21000C0F60100016842688368D0F80CC0D0F8ED
:10E2200010E044692A94CDF8A4E0CDF8A0C027936B
:10E230002692259180692B9025A80021019108F054
:10E24000C3F9019942F24472C2F20042106048F2EE
:10E250002C10C0F6010002684368D0F808C0D0F85E
:10E260000CE00469456923952294CDF884E0CDF84B
:10E2700080C01F931E92806924901EA808F0A4F904
:10E28000019940F25C32C2F20042106048F2D800BC
:10E29000C0F6010002684368D0F808C0D0F80CE06E
:10E2A000046945691C951B94CDF868E0CDF864C0FD
:10E2B0001893179280691D9017A808F085F90199A5
:10E2C00040F2AC12C2F20042106048F2F400C0F614
:10E2D000010002684368D0F808C0D0F80CE0046977
:10E2E000456915951494CDF84CE0CDF848C01193CC
:10E2F00010928069169010A808F066F9019940F212
:10E30000E012C2F20042106048F24810C0F601006C
:10E3100002684368D0F808C0D0F80CE00469456989
:10E320000E950D94CDF830E0CDF82CC00A930992EB
:10E3300080690F9009A808F047F9019940F2A052AE
:10E34000C2F20042106048F21010C0F601000268EC
:10E350004368D0F808C0D0F80CE004694569079517
:10E360000694CDF814E0CDF810C0039302928069B2
:10E37000089002A808F028F940F23421C2F20041C6
:10E3800008602CB0B0BD000080B594B000201390A0
:10E390001290119010900F90FFE744F2E040C5F604
:10E3A0000200016841F010010160006800F01000F7
:10E3B0000E900E98FFE7FFE744F2E040C5F602003A
:10E3C000016841F004010160006800F004000D9054
:10E3D0000D98FFE7FFE744F2E040C5F60200016850
:10E3E00041F080010160006800F080000C900C9802
:10E3F000FFE7FFE744F2E040C5F60200016841F0A4
:10E4000001010160006800F001000B900B98FFE72C
:10E41000FFE744F2E040C5F60200016841F0020166
:10E420000160006800F002000A900A98FFE7FFE729
:10E4300044F2E040C5F60200016841F008010160C5
:10E44000006800F0080009900998FFE740F6000016
:10E45000C5F6020000904FF4C04100220692F9F781
:10E460005FFA009848F2090101220492F9F758FA7C
:10E47000069A0020C5F60200029004210191F9F7E6
:10E480004FFA049A41F20000C5F6020007904FF4DB
:10E4900008510391F9F744FA0098049A06994FF449
:10E4A00060430F931092119112910FA90891F9F7FF
:10E4B00063F80098049B069A08994FF0090CCDF870
:10E4C0003CC010931192032205921292F9F754F86E
:10E4D0000298049A069B08990F9210931192F9F7EB
:10E4E0004BF8DDF804C00298049B059A0899CDF812
:10E4F0003CC0109311931292F9F73EF8DDF80CC06E
:10E50000049B059A07980899CDF83CC01093119385
:10E510001292F9F731F8069A079808994FF4A05328
:10E520000F934FF4881310931192F9F725F814B054
:10E5300080BD00000000000080B582B042F660306F
:10E54000C2F20040009043F60001C4F200010160F5
:10E550004FF4800141600021019181600722C26077
:10E560004FF0007202614FF0807242614FF08062A2
:10E5700082614FF08042C261016241628162C16288
:10E5800042638163C163016441648164C164016564
:10E5900041658165FCF738F918B1FFE7F4F740FAF7
:10E5A000FFE702B080BD000080B588B00021009177
:10E5B000079106910591049103910291019142F610
:10E5C0003440C2F2004041F60002C4F20002026090
:10E5D000EF224260816040F2E732C2600161802137
:10E5E0008161FCF795FF18B1FFE7F4F719FAFFE72F
:10E5F0004FF48050049042F63440C2F2004004A927
:10E60000FDF7BAF818B1FFE7F4F70AFAFFE70020C0
:10E610000190039042F63440C2F2004001A9FCF799
:10E62000B7FE18B1FFE7F4F7FBF9FFE708B080BDCC
:10E6300080B58CB0002101910B910A91099108914C
:10E6400007910691059104910391029142F6804051
:10E65000C2F2004040F20042C4F2000202601722FF
:10E660004260816042F20F72C2600161802181616B
:10E67000FDF7A6FB18B1FFE7F4F7D2F9FFE700209A
:10E6800009900B9042F68040C2F2004009A9FCF7C5
:10E690007FFE18B1FFE7F4F7C3F9FFE760200290AF
:10E6A000002003900490069042F68040C2F20040A1
:10E6B00002A90C22FDF7ACFA18B1FFE7F4F7B0F9A4
:10E6C000FFE742F68040C2F20040FDF769FA0CB065
:10E6D00080BD00000000000080B584B000210391DF
:10E6E0000291019142F6CC40C2F2004041F2000298
:10E6F000C4F200020260EF224260816040F69F7126
:10E70000C16080218161FCF703FF18B1FFE7F4F7D6
:10E7100087F9FFE700200190039042F6CC40C2F257
:10E72000004001A9FCF734FE18B1FFE7F4F778F9CF
:10E73000FFE704B080BD000080B582B042F6AC5067
:10E74000C2F20040019045F20001C4F200010160F4
:10E7500048F2A061C0F2010141604FF48051816034
:10E760000021C1604FF4806202610C22426181612C
:10E77000C161016241628162FEF766F818B1FFE78C
:10E78000F4F74EF9FFE742F6AC50C2F20040002128
:10E79000FDF7A2FC18B1FFE7F4F742F9FFE742F6F4
:10E7A000AC50C2F200400021FDF74EFC18B1FFE76B
:10E7B000F4F736F9FFE742F6AC50C2F20040FDF73D
:10E7C0009FFB18B1FFE7F4F72BF9FFE702B080BD1C
:10E7D00080B582B042F64060C2F20040009047F639
:10E7E0000001C4F2000101604FF4E13141600021F9
:10E7F00001918160C16001610C2242618161C1614E
:10E80000016241628162FEF71FF818B1FFE7F4F779
:10E8100007F9FFE742F64060C2F200400021FDF731
:10E820005BFC18B1FFE7F4F7FBF8FFE742F6406046
:10E83000C2F200400021FDF707FC18B1FFE7F4F732
:10E84000EFF8FFE742F64060C2F20040FDF758FBE8
:10E8500018B1FFE7F4F7E4F8FFE702B080BD00006D
:10E8600080B582B042F61850C2F20040009041F6E6
:10E870000041C4F2010101604FF4E1314160002127
:10E8800001918160C16001610C2242618161C161BD
:10E89000016241628162FDF7D7FF18B1FFE7F4F72B
:10E8A000BFF8FFE742F61850C2F200400021FDF722
:10E8B00013FC18B1FFE7F4F7B3F8FFE742F618507E
:10E8C000C2F200400021FDF7BFFB18B1FFE7F4F7EB
:10E8D000A7F8FFE742F61850C2F20040FDF710FB20
:10E8E00018B1FFE7F4F79CF8FFE702B080BD000025
:10E8F000FFE7FEE700000000FFE7FEE70000000082
:10E9000088B0079006910592079800F007000490E0
:10E910000498C0F10700052803D3FFE70420019005
:10E9200004E00498C0F107000190FFE7019803900C
:10E9300004980430062803D8FFE70020009003E085
:10E94000049803380090FFE7009802900698039916
:10E95000012202FA01F101390840029B9840059911
:10E960009A40013A1140084308B070470000000087
:10E9700080B582B00190FFE7FFF74AFAFCE700009C
:10E98000EFF30980BFF36F8F154B1A681EF0100F5D
:10E9900008BF20ED108A20E9F04F10602DE9090032
:10E9A0004FF0500080F31188BFF34F8FBFF36F8F8C
:10E9B00008F07EFD4FF0000080F31188BDE80900EB
:10E9C00019680868B0E8F04F1EF0100F08BFB0ECEF
:10E9D000108A80F30988BFF36F8F704700BF00BFB4
:10E9E000E82F00240000000080B5B0B002A801901C
:10E9F000B821F1F721FE0198002103914FF4004264
:10EA0000029218220492C8220592022206920792CC
:10EA10000892099120220A920B914FF000511D910A
:10EA2000F9F7B2FB18B1FFE7F3F7FAFFFFE730B0F1
:10EA300080BD00000000000080B586B00490039106
:10EA400000208DF8070044F22840C5F60200006857
:10EA500000F00300032804D1FFE701208DF8170020
:10EA6000CBE044F20041C5F60201086820F0806066
:10EA70000860F8F76DFF0290FFE744F20040C5F62A
:10EA80000200006800F000610020B0EBD16F0CD0F4
:10EA9000FFE7F8F75DFF0299401A032804D3FFE768
:10EAA00003208DF81700A8E0E7E7FFE744F22841CC
:10EAB000C5F60201086820F47C30049A126840EA26
:10EAC0000230086004994868D1F808C0CB680A6928
:10EAD00001386FF35F204FF60061CFF6FF7101EB55
:10EAE0004C2189B208440021CFF6FF7101EB0341AC
:10EAF00001F4FE0108444FF07F4101EB026101F097
:10EB0000FE41084444F23841C5F602010860FFE7BF
:10EB100044F22C41C5F602010091086820F0C000C3
:10EB2000049A526910430860086820F02000049A93
:10EB3000926910430860086820F01000086044F2F1
:10EB40003C42C5F6020210684FF6F8739843049BE6
:10EB5000DB6940EAC3001060086840F010000860FC
:10EB6000039848B9FFE744F22C41C5F60201086852
:10EB700040F40020086016E00398012809D1FFE75F
:10EB800044F22C41C5F60201086840F48010086088
:10EB900008E044F22C41C5F60201086840F4001078
:10EBA0000860FFE7FFE744F20041C5F6020108688C
:10EBB00040F080600860F8F7CBFE0290FFE744F277
:10EBC0000040C5F60200006800F000610020B0EBD4
:10EBD000D16F0CD1FFE7F8F7BBFE0299401A03286A
:10EBE00004D3FFE703208DF8170006E0E7E7FFE70F
:10EBF0009DF807008DF81700FFE79DF8170006B095
:10EC000080BD00000000000080B586B00490039134
:10EC100000208DF8070044F22840C5F60200006885
:10EC200000F00300032804D1FFE701208DF817004E
:10EC3000CBE044F20041C5F60201086820F08050A4
:10EC40000860F8F785FE0290FFE744F20040C5F641
:10EC50000200006800F000510020B0EB517F0CD0A2
:10EC6000FFE7F8F775FE0299401A032804D3FFE77F
:10EC700003208DF81700A8E0E7E7FFE744F22841FA
:10EC8000C5F60201086820F07C70049A126840EA18
:10EC90000250086004994868D1F808C0CB680A6936
:10ECA00001386FF35F204FF60061CFF6FF7101EB83
:10ECB0004C2189B208440021CFF6FF7101EB0341DA
:10ECC00001F4FE0108444FF07F4101EB026101F0C5
:10ECD000FE41084444F24041C5F602010860FFE7E6
:10ECE00044F22C41C5F602010091086820F440600E
:10ECF000049A526910430860086820F40070049A6E
:10ED0000926910430860086820F48070086044F23B
:10ED10004442C5F6020210684FF6F8739843049B0C
:10ED2000DB6940EAC3001060086840F48070086046
:10ED3000039848B9FFE744F22C41C5F60201086880
:10ED400040F48000086016E00398012809D1FFE72D
:10ED500044F22C41C5F60201086840F40000086046
:10ED600008E044F22C41C5F60201086840F08070CA
:10ED70000860FFE7FFE744F20041C5F602010868BA
:10ED800040F080500860F8F7E3FD0290FFE744F29E
:10ED90000040C5F60200006800F000510020B0EB12
:10EDA000517F0CD1FFE7F8F7D3FD0299401A0328F1
:10EDB00004D3FFE703208DF8170006E0E7E7FFE73D
:10EDC0009DF807008DF81700FFE79DF8170006B0C3
:10EDD00080BD0000000000008AB00990099890ED05
:10EDE0000D0A20EE000A8DED080A099890ED0E0A32
:10EDF00020EE000A8DED070A099890ED0F0A20EE2B
:10EE0000000A8DED060A099890ED0C0A90ED0D1A96
:10EE100020EE010A8DED050A099890ED0C0A90ED9F
:10EE20000E1A20EE010A8DED040A099890ED0C0AE5
:10EE300090ED0F1A20EE010A8DED030A099890ED6E
:10EE40000D0A90ED0E1A20EE010A8DED020A0998C6
:10EE500090ED0D0A90ED0F1A20EE010A8DED010ADA
:10EE6000099890ED0E0A90ED0F1A20EE010A8DED33
:10EE7000000A9DED073AB8EE002AB7EE000AB0EEA0
:10EE8000401AA3EE021A9DED063AA3EE021A099863
:10EE900080ED101A9DED021A9DED033A31EE431AF2
:10EEA00031EE011A099880ED111A9DED011A9DEDC0
:10EEB000043A31EE031A31EE011A099880ED121A64
:10EEC0009DED021A9DED033A31EE031A31EE011A5F
:10EED000099880ED131A9DED083AB0EE401AA3EEA2
:10EEE000021A9DED063AA3EE021A099880ED141A53
:10EEF0009DED001A9DED053A31EE431A31EE011AEF
:10EF0000099880ED151A9DED011A9DED043A31EE38
:10EF1000431A31EE011A099880ED161A9DED001A78
:10EF20009DED053A31EE031A31EE011A099880ED94
:10EF3000171A9DED081AA1EE020A9DED071AA1EE1F
:10EF4000020A099880ED180A0AB070470000000014
:10EF500080B542F66030C2F20040FBF78DFA80BD0A
:10EF600082B00190019800684069009001980168A2
:10EF7000886940F00800886101980168886940F05C
:10EF80001000886101980168086820F0010008609D
:10EF900001980168086940F26F3290430861019856
:10EFA0000168886820F440408860019890F88100EA
:10EFB000042815D0FFE79DF80000800600280ED534
:10EFC000FFE70199D1F8840040F08000C1F8840087
:10EFD00001980168886940F020008861FFE7FFE739
:10EFE000019890F88100032815D0FFE79DF80000F4
:10EFF000400600280ED5FFE70199D1F8840040F0C3
:10F000000400C1F8840001980168886940F040005C
:10F010008861FFE7FFE79DF80100800700280ED513
:10F02000FFE70199D1F8840040F00100C1F88400A5
:10F0300001980168886940F400708861FFE79DF8D5
:10F040000100C00770B1FFE70199D1F8840040F0DA
:10F050000800C1F8840001980168886940F4807054
:10F060008861FFE701990020A1F862000199A1F8E9
:10F070006A0002B07047000080B582B0019001982C
:10F08000806B009000990020A1F86A000099A1F817
:10F0900062000099012081F881000098FBF7E8F9EF
:10F0A00002B080BD0000000083B002900298C16BE6
:10F0B000012000EB511001900298C06801300090CF
:10F0C00000980730C008009000980199484303B0A9
:10F0D000704700000000000080B586B0DDF820C059
:10F0E000049003918DF80B200193FFE704980068CA
:10F0F000406903990840401AB0FA80F040099DF831
:10F100000B10884214D1FFE7F8F722FC0899401A47
:10F110000199884204D3FFE70198013018B9FFE74D
:10F12000019820B9FFE703208DF8170004E0DDE720
:10F1300000208DF81700FFE79DF8170006B080BD8E
:10F14000074B19680868B0E8F04F80F30988BFF3EF
:10F150006F8F4FF0000080F31188704700BF00BF31
:10F16000E82F00240000000080B582B00190FFE786
:10F17000012007F00DFAFBE780B582B04FF0500098
:10F1800080F31188BFF36F8FBFF34F8F009008F0AB
:10F1900053FB40B1FFE74EF60451CEF200014FF0B1
:10F1A00080500860FFE700200190019880F31188EB
:10F1B00002B080BD0000000080B59EB00BA84C21BD
:10F1C000F1F73AFA002001900A9009900890079010
:10F1D00006900590049003900220F8F7BDFCFFE72D
:10F1E0000020029044F61800C5F60200016821F4E0
:10F1F00040410160006800F4404002900298FFE73F
:10F20000FFE744F61800C5F60200006800F400505D
:10F21000B0F5005F01D0FFE7F3E701210B914FF458
:10F2200080300C900220149015901690282217928E
:10F23000189119901A900C201B9000201C901D9082
:10F240000BA8FAF705FC18B1FFE7F3F7E9FBFFE7B6
:10F250003F20039003210491002005900820069090
:10F260004020079008904FF4806209920A9003A80A
:10F27000F9F782FF18B1FFE7F3F7D2FBFFE71EB003
:10F2800080BD0000000000004EF68851CEF2000163
:10F29000086840F47000086042F20000C5F20020E7
:10F2A000006800F00F0006280AD8FFE742F20001CC
:10F2B000C5F200210868072262F303000860FFE737
:10F2C00044F20041C5F60201086840F00100086000
:10F2D00044F21042C5F602020020106008684EF6A3
:10F2E0007F52CEF6F6221040086042F20000C5F2CE
:10F2F0000020006800F00F0008280AD3FFE742F260
:10F300000001C5F200210868072262F303000860CB
:10F31000FFE744F21841C5F602010020086044F2FC
:10F320001C41C5F60201086044F22041C5F6020105
:10F33000086044F22842C5F6020240F20021C0F201
:10F340000221116044F22C42C5F602020021C0F2F3
:10F35000FF11116044F23042C5F6020240F28021F2
:10F36000C0F20111116044F23442C5F6020210608D
:10F3700044F23842C5F60202116044F23C42C5F63E
:10F380000202106044F24042C5F60202116044F2EB
:10F390004441C5F60201086044F20042C5F602028B
:10F3A000116821F48021116044F26041C5F6020128
:10F3B000086044F20001C5F2002143F2D200086067
:10F3C000704700000000000080B542F6E830C2F24D
:10F3D0000040FCF7BDFA80BD80B542F6CC40C2F2D9
:10F3E0000040FCF7B5FA80BD80B542F63440C2F269
:10F3F0000040FCF7ADFA80BD83B002900191029805
:10F400000068009002980021C4F20101884225D0D2
:10F41000FFE70298B0F1804F20D0FFE7029840F25A
:10F420000041C4F20001884218D0FFE7029840F67C
:10F430000001C4F20001884210D0FFE7029840F6B4
:10F440000041C4F20001884208D0FFE7029840F270
:10F450000041C4F2010188420AD1FFE7009820F080
:10F460007000009001984168009808430090FFE701
:10F4700002980021C4F2010188424DD0FFE70298B2
:10F48000B0F1804F48D0FFE7029840F20041C4F24B
:10F490000001884240D0FFE7029840F60001C4F224
:10F4A0000001884238D0FFE7029840F60041C4F2DC
:10F4B0000001884230D0FFE7029840F20041C4F2D8
:10F4C0000101884228D0FFE7029844F20001C4F20B
:10F4D0000101884220D0FFE7029844F20041C4F2C3
:10F4E0000101884218D0FFE7029844F60001C4F2F7
:10F4F0000101884210D0FFE702984EF20001C4F2E9
:10F500000001884208D0FFE702984EF20041C4F2A1
:10F51000000188420AD1FFE7009820F44070009073
:10F520000198C168009808430090FFE7009820F018
:10F530008000019949690843009000980299086089
:10F54000019880680299C8620198006802998862EF
:10F5500002980021C4F20101884220D0FFE70298FE
:10F5600040F20041C4F20101884218D0FFE702983E
:10F5700044F20001C4F20101884210D0FFE7029872
:10F5800044F20041C4F20101884208D0FFE702982A
:10F5900044F60001C4F20101884205D1FFE7019859
:10F5A000006902990863FFE7029901204861029807
:10F5B0000069C00730B1FFE70299086920F0010037
:10F5C0000861FFE703B0704785B004900391029291
:10F5D0000193049880680090009820F47F40009088
:10F5E00003980299019A41EA0221014300980843D5
:10F5F000009000980499886005B0704700000000F2
:10F6000083B00290019102988068009000984FF6B4
:10F610008F71CFF6CF710840009001980099084390
:10F6200040F00700009000980299886003B070478E
:10F6300085B0049003910498006A01900499086AC7
:10F6400020F00100086204984068009004988069E6
:10F65000029002984FF68F71CFF6FE71084002902B
:10F66000029820F003000290039801680298084372
:10F670000290019820F0020001900398816801989F
:10F680000843019004980021C4F20101884220D06F
:10F69000FFE7049840F20041C4F20101884218D00B
:10F6A000FFE7049844F20001C4F20101884210D03F
:10F6B000FFE7049844F20041C4F20101884208D0F7
:10F6C000FFE7049844F60001C4F2010188420ED11C
:10F6D000FFE7019820F0080001900398C1680198A5
:10F6E00008430190019820F004000190FFE704987E
:10F6F0000021C4F20101884220D0FFE7049840F2C3
:10F700000041C4F20101884218D0FFE7049844F296
:10F710000001C4F20101884210D0FFE7049844F2CE
:10F720000041C4F20101884208D0FFE7049844F682
:10F730000001C4F20101884213D1FFE7009820F4D0
:10F7400080700090009820F4007000900398416948
:10F75000009808430090039881690098084300903E
:10F76000FFE700980499486002980499886103981B
:10F7700040680499486301980499086205B070478D
:10F7800085B0049003910498006A01900499086A76
:10F7900020F0100008620498406800900498806986
:10F7A0000290029848F6FF71CFF6FF610840029080
:10F7B000029820F44070029003980168029840EA91
:10F7C00001200290019820F02000019003988168A8
:10F7D000019840EA0110019004980021C4F201014F
:10F7E000884229D0FFE7049840F20041C4F20101A9
:10F7F000884221D0FFE7049844F20001C4F20101DD
:10F80000884203D1FFE70020B0B9FFE7049844F233
:10F810000041C4F20101884203D1FFE7002058B93A
:10F82000FFE7049844F60001C4F20101884212D1B6
:10F83000FFE7012078B9FFE7019820F080000190F0
:10F840000398C168019840EA01100190019820F0E6
:10F8500040000190FFE704980021C4F201018842B2
:10F8600020D0FFE7049840F20041C4F20101884231
:10F8700018D0FFE7049844F20001C4F20101884265
:10F8800010D0FFE7049844F20041C4F2010188421D
:10F8900008D0FFE7049844F60001C4F20101884251
:10F8A00015D1FFE7009820F480600090009820F4C4
:10F8B0000060009003984169009840EA8100009040
:10F8C00003988169009840EA81000090FFE7009862
:10F8D00004994860029804998861039840680499E3
:10F8E000886301980499086205B070470000000021
:10F8F00085B0049003910498006A01900499086A05
:10F9000020F4807008620498406800900498C069F0
:10F91000029002984FF68F71CFF6FE710840029068
:10F92000029820F0030002900398016802980843AF
:10F930000290019820F4007001900398816801986A
:10F9400040EA0120019004980021C4F2010188429C
:10F9500029D0FFE7049840F20041C4F20101884237
:10F9600021D0FFE7049844F20001C4F2010188426B
:10F9700003D1FFE70020B0B9FFE7049844F200414B
:10F98000C4F20101884203D1FFE7002058B9FFE724
:10F99000049844F60001C4F20101884212D1FFE745
:10F9A000012078B9FFE7019820F4006001900398E6
:10F9B000C168019840EA01200190019820F480601C
:10F9C0000190FFE704980021C4F20101884220D091
:10F9D000FFE7049840F20041C4F20101884218D0C8
:10F9E000FFE7049844F20001C4F20101884210D0FC
:10F9F000FFE7049844F20041C4F20101884208D0B4
:10FA0000FFE7049844F60001C4F20101884215D1D1
:10FA1000FFE7009820F480500090009820F40050F8
:10FA2000009003984169009840EA01100090039803
:10FA30008169009840EA01100090FFE7009804995E
:10FA4000486002980499C861039840680499C863A3
:10FA500001980499086205B070470000000000009A
:10FA600085B0049003910498006A01900499086A93
:10FA700020F4805008620498406800900498C0699F
:10FA80000290029848F6FF71CFF6FF61084002909D
:10FA9000029820F44070029003980168029840EAAE
:10FAA00001200290019820F4005001900398816891
:10FAB000019840EA0130019004980021C4F201014C
:10FAC000884220D0FFE7049840F20041C4F20101CF
:10FAD000884218D0FFE7049844F20001C4F2010103
:10FAE000884210D0FFE7049844F20041C4F20101BB
:10FAF000884208D0FFE7049844F60001C4F20101EF
:10FB000088420BD1FFE7009820F4804000900398D2
:10FB10004169009840EA81100090FFE7009804993D
:10FB2000486002980499C861039840680499086481
:10FB300001980499086205B07047000000000000B9
:10FB400085B0049003910498006A01900499086AB2
:10FB500020F4803008620498406800900498406D5A
:10FB6000029002984FF68F71CFF6FE710840029016
:10FB700003980168029808430290019820F400302D
:10FB8000019003988168019840EA0140019004982F
:10FB90000021C4F20101884220D0FFE7049840F21E
:10FBA0000041C4F20101884218D0FFE7049844F2F2
:10FBB0000001C4F20101884210D0FFE7049844F22A
:10FBC0000041C4F20101884208D0FFE7049844F6DE
:10FBD0000001C4F2010188420BD1FFE7009820F434
:10FBE0008030009003984169009840EA012000901D
:10FBF000FFE70098049948600298049948650398C3
:10FC000040680499886501980499086205B07047B6
:10FC100085B0049003910498006A01900499086AE1
:10FC200020F4801008620498406800900498406DA9
:10FC30000290029848F6FF71CFF6FF6108400290EB
:10FC400003980168029840EA01200290019820F48C
:10FC50000010019003988168019840EA01500190DA
:10FC600004980021C4F20101884220D0FFE70498E3
:10FC700040F20041C4F20101884218D0FFE7049825
:10FC800044F20001C4F20101884210D0FFE7049859
:10FC900044F20041C4F20101884208D0FFE7049811
:10FCA00044F60001C4F2010188420BD1FFE700983D
:10FCB00020F48020009003984169009840EA812058
:10FCC0000090FFE7009804994860029804994865FD
:10FCD000039840680499C86501980499086205B0C2
:10FCE000704700000000000085B00490039102926C
:10FCF0000498006A00900499086A20F001000862E4
:10FD0000049880690190019820F0F0000190029918
:10FD1000019840EA01100190009820F00A0000903C
:10FD2000039900980843009001980499886100980D
:10FD30000499086205B0704785B00490039102925F
:10FD40000498006A00900499086A20F01000086284
:10FD5000049880690190019820F470400190029904
:10FD6000019840EA01300190009820F0A000009036
:10FD70000399009840EA0110009001980499886165
:10FD800000980499086205B0704700000000000068
:10FD900080B582B001F0C8FE02F08EFC42F68070A1
:10FDA000C2F2004004F028F80A20F6F745F9F7F708
:10FDB000CFFD002101910090FFE7F7F7C9FD009901
:10FDC000019A411A4FF00000904140F2F512891A51
:10FDD00070F1000001D3FFE700E0EEE702B080BD64
:10FDE00080B542F6AC50C2F20040FCF7C9F980BDC4
:10FDF00080B542F64060C2F20040FCF7C1F980BD18
:10FE000082B001900198406E40B9FFE7019901204E
:10FE1000A1F86A000199A1F8680032E010208DF87D
:10FE200003008DF80200019800688068C0F342600A
:10FE30008DF80100019800688068400F8DF800007F
:10FE40009DF802009DF8002048F2B013C0F60103AF
:10FE5000995C484348F2A811C0F601018A5CB0FBE6
:10FE6000F2F0019AA2F86A009DF803009DF80120C3
:10FE70009B5C5843895CB0FBF1F00199A1F86800E4
:10FE8000FFE702B07047000081B00090009890F842
:10FE90002800000700280BD5FFE70098006840689D
:10FEA00020F40040009A1168926B10434860FFE70D
:10FEB000009890F82800C00758B1FFE70098006844
:10FEC000406820F40030009A1168D26A10434860FC
:10FED000FFE7009890F82800800700280BD5FFE77F
:10FEE00000980068406820F48030009A1168126B16
:10FEF00010434860FFE7009890F82800400700286A
:10FF00000BD5FFE700980068406820F48020009A35
:10FF10001168526B10434860FFE7009890F8280082
:10FF2000C00600280BD5FFE700980068806820F421
:10FF30008050009A1168D26B10438860FFE70098E8
:10FF400090F82800800600280BD5FFE7009800688D
:10FF5000806820F40050009A1168126C1043886089
:10FF6000FFE7009890F82800400600281CD5FFE71E
:10FF700000980068406820F48010009A1168526C64
:10FF8000104348600098406CB0F5801F0BD1FFE72C
:10FF900000980068406820F4C000009A1168926CD4
:10FFA00010434860FFE7FFE7009890F8280000063C
:10FFB00000280BD5FFE700980068406820F4002077
:10FFC000009A1168D26C10434860FFE701B0704797
:10FFD00080B588B0069006990020C1F89000F7F728
:10FFE000B7FC0590069800680068000700282FD528
:10FFF000FFE70698059B6A466FF07E4111604FF45B
:020000040801F1
:100000000011002201F094FC08B3FFE7FFE7FFE7CF
:100010000698006850E8000F20F080000490FFE789
:1000200004990698026842E800100028F0D1FFE722
:10003000FFE706992020C1F88800FFE70699002015
:1000400081F88400FFE703208DF81F005FE0FFE7E1
:100050000698006800684007002842D5FFE7069828
:10006000059B6A466FF07E4111604FF480010022CB
:1000700001F05EFCA0B3FFE7FFE7FFE7069800682A
:1000800050E8000F20F490700390FFE70399069862
:10009000026842E800100028F0D1FFE7FFE7FFE721
:1000A000FFE70698006850E8020F20F00100029078
:1000B000FFE702990698026842E802100028F0D192
:1000C000FFE7FFE706992020C1F88C00FFE70699BB
:1000D000002081F88400FFE703208DF81F0016E060
:1000E000FFE706992020C1F888000699C1F88C0026
:1000F00006990020C86606990867FFE70699002060
:1001000081F88400FFE700208DF81F00FFE79DF8CD
:100110001F0008B080BD000080B582B0019001983A
:10012000806B009000990020A1F85E000099A1F872
:1001300056000098FCF720F802B080BD00000000D7
:1001400080B584B003900398806B02900298D0F839
:10015000880001900298D0F88C0000900298006806
:100160008068000600280CD5FFE70198212808D1F7
:10017000FFE702990020A1F85600029800F0E0F88D
:10018000FFE7029800688068400600280CD5FFE76A
:100190000098222808D1FFE702990020A1F85E000C
:1001A000029800F059F8FFE70299D1F8900040F06A
:1001B0001000C1F890000298FBF7DEFF04B080BD8C
:1001C00080B584B003900398806B02900398C06957
:1001D000B0F5807F2BD0FFE702990020A1F85600F0
:1001E000FFE7FFE70298006850E8020F20F0800068
:1001F0000190FFE701990298026842E80210002886
:10020000F0D1FFE7FFE7FFE7FFE70298006850E85B
:10021000000F40F040000090FFE70099029802684C
:1002200042E800100028F0D1FFE7FFE703E0029862
:10023000FCF7CAFDFFE704B080BD0000000000002D
:1002400080B582B001900198806B00900098FCF717
:10025000BFFD02B080BD000084B00390FFE7FFE760
:100260000398006850E8000F20F490700290FFE7B8
:1002700002990398026842E800100028F0D1FFE7D5
:10028000FFE7FFE7FFE70398006850E8020F4FF62B
:10029000FE71CEF6FF7108400190FFE701990398C7
:1002A000026842E802100028EDD1FFE7FFE703985B
:1002B000C06E012814D1FFE7FFE7FFE7039800684D
:1002C00050E8000F20F010000090FFE7009903981D
:1002D000026842E800100028F0D1FFE7FFE7FFE7DF
:1002E00003992020C1F88C0003990020C866039967
:1002F000486704B07047000080B582B00190FFE706
:10030000FFE70198006850E8000F20F040000090DF
:10031000FFE700990198026842E800100028F0D138
:10032000FFE7FFE701992020C1F88800019900202C
:1003300088670198FCF748FD02B080BD000000000E
:1003400083B00290FFE7FFE70298006850E8000FD3
:1003500020F0C0000190FFE701990298026842E88E
:1003600000100028F0D1FFE7FFE7FFE7FFE7029862
:10037000006850E8020F20F400000090FFE70099A9
:100380000298026842E802100028F0D1FFE7FFE778
:1003900002992020C1F8880003B0704700000000D7
:1003A00080B588B007900798B0F86000ADF81600E7
:1003B0000798D0F88C00222840F0AB80FFE7079820
:1003C0000068406AADF814000798806D0690BDF88B
:1003D0001400BDF816100840069908800799886D2A
:1003E000023088650799B1F85E000138A1F85E0017
:1003F0000798B0F85E00002840F08A80FFE7FFE72A
:10040000FFE70798006850E8000F20F49070049010
:10041000FFE704990798026842E800100028F0D12D
:10042000FFE7FFE7FFE7FFE70798006850E8020FE4
:1004300020F001000390FFE703990798026842E863
:1004400002100028F0D1FFE7FFE707992020C1F84C
:100450008C0007990020486707990867079800688B
:1004600040F60041C5F6000188421CD0FFE707981E
:10047000006840680002002814D5FFE7FFE7FFE7A7
:100480000798006850E8000F20F080600290FFE7B6
:1004900002990798026842E800100028F0D1FFE7AF
:1004A000FFE7FFE7FFE70798C06E01282BD1FFE7C2
:1004B00007990020C866FFE7FFE70798006850E843
:1004C000000F20F010000190FFE7019907980268E3
:1004D00042E800100028F0D1FFE7FFE70798006826
:1004E000C06900F010010120B0EB111F05D1FFE73A
:1004F0000798016810200862FFE70798B0F85C10C1
:10050000FBF792FD03E00798FCF7CEFBFFE7FFE760
:1005100006E007980168886940F008008861FFE7F5
:1005200008B080BD0000000080B58EB00D900D9821
:10053000B0F86000ADF82E000D980068C069099011
:100540000D980068006808900D9800688068079012
:100550000D98D0F88C00222840F06181FFE70D98BB
:10056000B0F86800ADF82A00FFE7BDF82A100020B7
:10057000009031B1FFE79DF82400C0F340100090D7
:10058000FFE70098C007002800F00A81FFE70D98F8
:100590000068406AADF82C000D98806D0C90BDF895
:1005A0002C00BDF82E1008400C9908800D99886D1C
:1005B000023088650D99B1F85E000138A1F85E003F
:1005C0000D980068C06909909DF824004007002834
:1005D00052D0FFE79DF82400C00788B1FFE79DF8DF
:1005E0002100C00760B1FFE70D9801680120086293
:1005F0000D99D1F8900040F00100C1F89000FFE79C
:100600009DF824008007002811D5FFE79DF81C0005
:10061000C00760B1FFE70D980168022008620D99DC
:10062000D1F8900040F00400C1F89000FFE79DF879
:1006300024004007002811D5FFE79DF81C00C007E3
:1006400060B1FFE70D980168042008620D99D1F8A8
:10065000900040F00200C1F89000FFE70D98D0F83C
:10066000900040B1FFE70D98FBF786FD0D99002043
:10067000C1F89000FFE7FFE70D98B0F85E00002892
:1006800040F08D80FFE7FFE7FFE70D98006850E836
:10069000000F20F480700690FFE706990D9802681D
:1006A00042E800100028F0D1FFE7FFE7FFE7FFE78F
:1006B0000D98006850E8020F4FF6FE71CEF6FF71FC
:1006C00008400590FFE705990D98026842E802107E
:1006D0000028EDD1FFE7FFE70D992020C1F88C003D
:1006E0000D99002048670D9908670D98006840F63D
:1006F0000041C5F6000188421CD0FFE70D98006854
:1007000040680002002814D5FFE7FFE7FFE70D98D7
:10071000006850E8000F20F080600490FFE7049923
:100720000D98026842E800100028F0D1FFE7FFE7CB
:10073000FFE7FFE70D98C06E01282BD1FFE70D9969
:100740000020C866FFE7FFE70D98006850E8000F3B
:1007500020F010000390FFE703990D98026842E82B
:1007600000100028F0D1FFE7FFE70D980068C0698E
:1007700000F010010120B0EB111F05D1FFE70D982B
:10078000016810200862FFE70D98B0F85C10FBF7D5
:100790004BFC03E00D98FCF787FAFFE7FFE7E4E680
:1007A0000D98B0F85E00ADF82800BDF82800A8B399
:1007B000FFE7BDF828000D99B1F8681088422DDADE
:1007C000FFE7FFE7FFE70D98006850E8020F20F011
:1007D00080500290FFE702990D98026842E80210EB
:1007E0000028F0D1FFE7FFE70D9940F2A130C0F6F5
:1007F00001004867FFE7FFE70D98006850E8000F29
:1008000040F020000190FFE701990D98026842E84E
:1008100000100028F0D1FFE7FFE7FFE706E00D98A2
:100820000168886940F008008861FFE70EB080BD6C
:1008300080B586B005900598B0F86000ADF812005C
:100840000598D0F88C00222840F0A980FFE7059891
:100850000068406AADF81000BDF810009DF8121055
:1008600008400599896D08700599886D0130886583
:100870000599B1F85E000138A1F85E000598B0F85E
:100880005E00002840F08A80FFE7FFE7FFE7059859
:10089000006850E8000F20F490700390FFE7039980
:1008A0000598026842E800100028F0D1FFE7FFE752
:1008B000FFE7FFE70598006850E8020F20F001000D
:1008C0000290FFE702990598026842E802100028AA
:1008D000F0D1FFE7FFE705992020C1F88C000599CA
:1008E00000204867059908670598006840F60041B0
:1008F000C5F6000188421CD0FFE7059800684068F3
:100900000002002814D5FFE7FFE7FFE7059800681D
:1009100050E8000F20F080600190FFE701990598F2
:10092000026842E800100028F0D1FFE7FFE7FFE788
:10093000FFE70598C06E01282BD1FFE7059900203D
:10094000C866FFE7FFE70598006850E8000F20F051
:1009500010000090FFE700990598026842E8001037
:100960000028F0D1FFE7FFE705980068C06900F0B4
:1009700010010120B0EB111F05D1FFE705980168B8
:1009800010200862FFE70598B0F85C10FBF74CFBFD
:1009900003E00598FCF788F9FFE7FFE706E0059814
:1009A0000168886940F008008861FFE706B080BDF3
:1009B00080B58EB00D900D98B0F86000ADF83200A3
:1009C0000D980068C0690A900D9800680068099049
:1009D0000D980068806808900D98D0F88C00222847
:1009E00040F05F81FFE70D98B0F86800ADF82E0089
:1009F000FFE7BDF82E100020019031B1FFE79DF810
:100A00002800C0F340100190FFE70198C0070028BC
:100A100000F00881FFE70D980068406AADF83000EB
:100A2000BDF830009DF8321008400D99896D0870AE
:100A30000D99886D013088650D99B1F85E00013817
:100A4000A1F85E000D980068C0690A909DF8280022
:100A50004007002852D0FFE79DF82800C00788B162
:100A6000FFE79DF82500C00760B1FFE70D9801681A
:100A7000012008620D99D1F8900040F00100C1F802
:100A80009000FFE79DF828008007002811D5FFE7B8
:100A90009DF82000C00760B1FFE70D9801680220B3
:100AA00008620D99D1F8900040F00400C1F8900060
:100AB000FFE79DF828004007002811D5FFE79DF8C3
:100AC0002000C00760B1FFE70D98016804200862AC
:100AD0000D99D1F8900040F00200C1F89000FFE7B6
:100AE0000D98D0F8900040B1FFE70D98FBF744FB5C
:100AF0000D990020C1F89000FFE7FFE70D98B0F8CE
:100B00005E00002840F08D80FFE7FFE7FFE70D98CB
:100B1000006850E8000F20F480700790FFE7079905
:100B20000D98026842E800100028F0D1FFE7FFE7C7
:100B3000FFE7FFE70D98006850E8020F4FF6FE71DF
:100B4000CEF6FF7108400690FFE706990D980268FF
:100B500042E802100028EDD1FFE7FFE70D992020C1
:100B6000C1F88C000D99002048670D9908670D9811
:100B7000006840F60041C5F6000188421CD0FFE73E
:100B80000D98006840680002002814D5FFE7FFE7D1
:100B9000FFE70D98006850E8000F20F08060059096
:100BA000FFE705990D98026842E800100028F0D18F
:100BB000FFE7FFE7FFE7FFE70D98C06E01282BD1A5
:100BC000FFE70D990020C866FFE7FFE70D98006872
:100BD00050E8000F20F010000490FFE704990D98F2
:100BE000026842E800100028F0D1FFE7FFE70D9807
:100BF0000068C06900F010010120B0EB111F05D1A1
:100C0000FFE70D98016810200862FFE70D98B0F823
:100C10005C10FBF709FA03E00D98FCF745F8FFE7D5
:100C2000FFE7E6E60D98B0F85E00ADF82C00BDF8E1
:100C30002C00A8B3FFE7BDF82C000D99B1F868109F
:100C400088422DDAFFE7FFE7FFE70D98006850E8DC
:100C5000020F20F080500390FFE703990D9802687F
:100C600042E802100028F0D1FFE7FFE70D9940F6B7
:100C70003100C0F601004867FFE7FFE70D98006804
:100C800050E8000F40F020000290FFE702990D9815
:100C9000026842E800100028F0D1FFE7FFE7FFE715
:100CA00006E00D980168886940F008008861FFE758
:100CB0000EB080BD0000000080B59EB01D900020E9
:100CC0008DF867001D98006840F60041C5F60001E8
:100CD000884201D1FFE700E0FFE71D9988680B69B2
:100CE0004A69C9691843104308431C901D9800685D
:100CF000006846F6F311CCF6FF7108401C990843D2
:100D00001D99096808601D980068406820F44050EB
:100D10001D9A1168D268104348601D9880691C9024
:100D20001D98006840F60041C5F60001884206D0D3
:100D3000FFE71D98016A1C9808431C90FFE71D9867
:100D4000006880684FF2FF41C1F2FF1108401C9912
:100D500008431D99096888601D980068C06A20F0E2
:100D60000F001D9A1168526A1043C862FFE71D9870
:100D7000006841F20001C4F20101884240F0418064
:100D8000FFE744F25440C5F60200006800F0380066
:100D90000146109128282FD81099DFE801F0152D71
:100DA0002D2D2D2D2D2D192D2D2D2D2D2D2D1D2D97
:100DB0002D2D2D2D2D2D212D2D2D2D2D2D2D252D77
:100DC0002D2D2D2D2D2D290001208DF86D0017E0E2
:100DD00004208DF86D0013E008208DF86D000FE001
:100DE00010208DF86D000BE020208DF86D0007E0DD
:100DF00040208DF86D0003E080208DF86D00FFE746
:100E00006CE21D98006844F20041C4F2000188427F
:100E10002ED1FFE744F25440C5F60200006800F00E
:100E2000070001460F9105281DD80F99DFE801F052
:100E300003070B0F131700208DF86D0017E0042037
:100E40008DF86D0013E008208DF86D000FE0102084
:100E50008DF86D000BE020208DF86D0007E040203C
:100E60008DF86D0003E080208DF86D00FFE734E21F
:100E70001D98006844F60001C4F2000188422ED19A
:100E8000FFE744F25440C5F60200006800F0070096
:100E900001460E9105281DD80E99DFE801F00307E1
:100EA0000B0F131700208DF86D0017E004208DF84C
:100EB0006D0013E008208DF86D000FE010208DF814
:100EC0006D000BE020208DF86D0007E040208DF8CC
:100ED0006D0003E080208DF86D00FFE7FCE11D98B8
:100EE000006844F60041C4F2000188422ED1FFE7B9
:100EF00044F25440C5F60200006800F007000146C5
:100F00000D9105281DD80D99DFE801F003070B0F9F
:100F1000131700208DF86D0017E004208DF86D0088
:100F200013E008208DF86D000FE010208DF86D00A3
:100F30000BE020208DF86D0007E040208DF86D005B
:100F400003E080208DF86D00FFE7C4E11D98006884
:100F500045F20001C4F2000188422ED1FFE744F2BD
:100F60005440C5F60200006800F0070001460C91ED
:100F700005281DD80C99DFE801F003070B0F1317A4
:100F800000208DF86D0017E004208DF86D0013E04F
:100F900008208DF86D000FE010208DF86D000BE03B
:100FA00020208DF86D0007E040208DF86D0003E0F3
:100FB00080208DF86D00FFE78CE11D98006841F2FC
:100FC0000041C4F20101884240F04180FFE744F251
:100FD0005440C5F60200006800F0380001460B914D
:100FE00028282FD80B99DFE801F0152D2D2D2D2D58
:100FF0002D2D192D2D2D2D2D2D2D1D2D2D2D2D2D45
:101000002D2D212D2D2D2D2D2D2D252D2D2D2D2D24
:101010002D2D290001208DF86D0017E004208DF89A
:101020006D0013E008208DF86D000FE010208DF8A2
:101030006D000BE020208DF86D0007E040208DF85A
:101040006D0003E080208DF86D00FFE741E11D9801
:10105000006847F60001C4F2000188422ED1FFE784
:1010600044F25440C5F60200006800F00700014653
:101070000A9105281DD80A99DFE801F003070B0F34
:10108000131700208DF86D0017E004208DF86D0017
:1010900013E008208DF86D000FE010208DF86D0032
:1010A0000BE020208DF86D0007E040208DF86D00EA
:1010B00003E080208DF86D00FFE709E11D980068CE
:1010C00047F60041C4F2000188422ED1FFE744F206
:1010D0005440C5F60200006800F00700014609917F
:1010E00005281DD80999DFE801F003070B0F131736
:1010F00000208DF86D0017E004208DF86D0013E0DE
:1011000008208DF86D000FE010208DF86D000BE0C9
:1011100020208DF86D0007E040208DF86D0003E081
:1011200080208DF86D00FFE7D1E01D98006841F642
:101130000001C4F20101884240F04180FFE744F21F
:101140005440C5F60200006800F0380001460891DE
:1011500028282FD80899DFE801F0152D2D2D2D2DE9
:101160002D2D192D2D2D2D2D2D2D1D2D2D2D2D2DD3
:101170002D2D212D2D2D2D2D2D2D252D2D2D2D2DB3
:101180002D2D290001208DF86D0017E004208DF829
:101190006D0013E008208DF86D000FE010208DF831
:1011A0006D000BE020208DF86D0007E040208DF8E9
:1011B0006D0003E080208DF86D00FFE786E01D984C
:1011C000006841F60041C4F20101884240F04180CC
:1011D000FFE744F25440C5F60200006800F0380012
:1011E0000146079128282FD80799DFE801F0152D2F
:1011F0002D2D2D2D2D2D192D2D2D2D2D2D2D1D2D43
:101200002D2D2D2D2D2D212D2D2D2D2D2D2D252D22
:101210002D2D2D2D2D2D290001208DF86D0017E08D
:1012200004208DF86D0013E008208DF86D000FE0AC
:1012300010208DF86D000BE020208DF86D0007E088
:1012400040208DF86D0003E080208DF86D00FFE7F1
:101250003BE01D98006840F60041C5F60001884259
:101260002ED1FFE744F25840C5F60200006800F0B6
:1012700007000146069105281DD80699DFE801F010
:1012800003070B0F131702208DF86D0017E00420E1
:101290008DF86D0013E008208DF86D000FE0102030
:1012A0008DF86D000BE020208DF86D0007E04020E8
:1012B0008DF86D0003E080208DF86D00FFE703E0FE
:1012C00080208DF86D00FFE7FFE7FFE7FFE7FFE70E
:1012D000FFE7FFE7FFE7FFE7FFE7FFE7FFE71D980F
:1012E000006840F60041C5F60001884240F0B48035
:1012F000FFE79DF86D0001460591022814D0FFE735
:101300000598042814D0FFE70598082816D0FFE7B1
:101310000598102818D0FFE70598202835D0FFE75A
:101320000598402837D03AE0F6F76AFC11903CE087
:1013300015A8F6F779FC1698119036E012A8F6F782
:10134000CBFD1398119030E044F20040C5F6020046
:10135000006800F020010020B0EB511F0ED0FFE725
:1013600044F20040C5F602000068C0F3C10149F232
:101370000000C0F2D030C840119005E049F20000F2
:10138000C0F2D0301190FFE70FE040F60010C0F23D
:101390003D00119009E04FF40040119005E000205D
:1013A000119001208DF86700FFE71198002852D0B6
:1013B000FFE711981D994A6A48F2B811C0F6010179
:1013C00031F81210B0FBF1F0189018981D99496887
:1013D00001EB4101884207D3FFE718981D9949683E
:1013E000B0EB013F04D9FFE701208DF8670031E041
:1013F00011981D994A6803924A6A48F2B811C0F6DA
:10140000010131F81220002304931946EFF703F885
:10141000039A049B090241EA1061000210EB52009A
:1014200041F10001EEF7F7FF1A901A98B0F5407FEE
:101430000BD3FFE71A990020B0EB115F05D1FFE74E
:101440001A981D990968C86003E001208DF86700AB
:10145000FFE7FFE7FFE746E11D98C069B0F5004FE1
:1014600040F0A880FFE79DF86D00014602914028FA
:1014700000F263800299DFE801F0212560602960B5
:1014800060602F60606060606060356060606060B8
:101490006060606060606060606056606060606056
:1014A000606060606060606060606060606060603C
:1014B000606060606060606060605C00F8F718F910
:1014C000119040E0F8F728F911903CE015A8F6F7E4
:1014D000ABFB1698119036E012A8F6F7FDFC1398B6
:1014E000119030E044F20040C5F60200006800F0C0
:1014F00020010020B0EB511F0ED0FFE744F2004066
:10150000C5F602000068C0F3C10149F20000C0F254
:10151000D030C840119005E049F20000C0F2D03050
:101520001190FFE70FE040F60010C0F23D0011906F
:1015300009E04FF40040119005E0002011900120D7
:101540008DF86700FFE7119898B3FFE711981D9A8F
:101550005168536A48F2B812C0F6010232F81320FB
:10156000B0FBF2F0400000EB5100B0FBF1F01A903C
:101570001A98102818D3FFE7BDF86A00A0B9FFE752
:101580001A9820F00F00ADF86E001A9800F00E01C6
:10159000BDF86E0040EA5100ADF86E00BDF86E0077
:1015A0001D990968C86003E001208DF86700FFE716
:1015B000FFE797E09DF86D0001460191402800F299
:1015C00063800199DFE801F0212560602960606097
:1015D0002F60606060606060356060606060606067
:1015E0006060606060606060566060606060606005
:1015F00060606060606060606060606060606060EB
:1016000060606060606060605C00F8F771F8119085
:1016100040E0F8F781F811903CE015A8F6F704FBDC
:101620001698119036E012A8F6F756FC1398119010
:1016300030E044F20040C5F60200006800F02001EE
:101640000020B0EB511F0ED0FFE744F20040C5F67A
:1016500002000068C0F3C10149F20000C0F2D030BE
:10166000C840119005E049F20000C0F2D03011905E
:10167000FFE70FE040F60010C0F23D00119009E0D6
:101680004FF40040119005E00020119001208DF8EA
:101690006700FFE7119820B3FFE711981D9A516882
:1016A000536A48F2B812C0F6010232F81320B0FBB8
:1016B000F2F000EB5100B0FBF1F01A901A981028EC
:1016C0000AD3FFE7BDF86A0030B9FFE7BDF868004C
:1016D0001D990968C86003E001208DF86700FFE7E5
:1016E000FFE7FFE7FFE71D990120A1F86A001D99B8
:1016F000A1F868001D99002048671D9988679DF82A
:1017000067001EB080BD000088B007900691ADF85C
:101710001620069807998865BDF816000799A1F864
:101720005C00BDF816000799A1F85E00079900203B
:101730004867FFE707988068B0F5805F10D1FFE742
:101740000798006930B9FFE7079940F2FF10A1F848
:10175000600004E00799FF20A1F86000FFE72EE099
:101760000798806878B9FFE70798006928B9FFE70C
:101770000799FF20A1F8600004E007997F20A1F8F5
:101780006000FFE71AE007988068B0F1805F0FD132
:10179000FFE70798006928B9FFE707997F20A1F8BC
:1017A000600004E007993F20A1F86000FFE704E033
:1017B00007990020A1F86000FFE7FFE7FFE7FFE7D8
:1017C00007990020C1F8900007992220C1F88C00E9
:1017D000FFE7FFE70798006850E8020F40F00100BC
:1017E0000490FFE704990798026842E80210002875
:1017F000F0D1FFE7FFE70798406EB0F1005F4CD1F2
:10180000FFE7BDF816000799B1F86810884244DB7D
:10181000FFE707988068B0F5805F0BD1FFE7079876
:10182000006938B9FFE7079940F22950C0F6010076
:10183000486706E0079940F6B110C0F60100486716
:10184000FFE707980069A0B1FFE7FFE7FFE7079808
:10185000006850E8000F40F480700390FFE70399A0
:101860000798026842E800100028F0D1FFE7FFE780
:10187000FFE7FFE7FFE70798006850E8020F40F036
:1018800080500290FFE702990798026842E8021030
:101890000028F0D1FFE7FFE744E007988068B0F543
:1018A000805F0BD1FFE70798006938B9FFE7079918
:1018B00040F2A130C0F60100486706E0079940F603
:1018C0003100C0F601004867FFE707980069A0B142
:1018D000FFE7FFE7FFE70798006850E8000F40F4D4
:1018E00090700190FFE701990798026842E80010A4
:1018F0000028F0D1FFE7FFE713E0FFE7FFE70798D5
:10190000006850E8000F40F020000090FFE70099C9
:101910000798026842E800100028F0D1FFE7FFE7CF
:10192000FFE7FFE7002008B070470000000000005C
:1019300080B586B0DDF820C0049003918DF80B20AF
:101940000193FFE704980068C06903990840401AB2
:10195000B0FA80F040099DF80B10884266D1FFE78D
:1019600008980130002860D0FFE7F5F7F1FF0199F2
:10197000401A0899884203D8FFE7089820B9FFE782
:1019800003208DF8170055E00498006800684007B0
:10199000002849D5FFE70398802845D0FFE7039842
:1019A000402841D0FFE704980068C06900F00801B2
:1019B0000120B0EBD10F16D1FFE704980168082091
:1019C000009008620498FEF747FC00980499C1F85B
:1019D0009000FFE70499002081F88400FFE70120D0
:1019E0008DF8170026E004980068C06900F40061D3
:1019F0000120B0EBD12F16D1FFE7049801684FF416
:101A0000006008620498FEF727FC04992020C1F8C2
:101A10009000FFE70499002081F88400FFE703208D
:101A20008DF8170006E0FFE7FFE78BE700208DF851
:101A30001700FFE79DF8170006B080BD000000000A
:101A400080B542F61850C2F20040FAF799FB80BD0B
:101A5000FFE7FEE70000000080B503F025FB03F080
:101A60002BFB03F05DFB03F0CBFB03F039FC03F031
:101A70004FFC03F015F803F02BF803F05DF803F0CA
:101A8000CBF803F0FDF803F013F903F029F903F0A4
:101A90003FF903F045F903F04FF903F085F903F03E
:101AA0008FF903F099F903F0A3F903F0ADF903F00E
:101AB000B3F903F0C5F903F0CBF903F0DDF903F056
:101AC000E3F903F021FA03F027FA03F03DFA03F0FB
:101AD00053FA03F069FA03F07FFA03F095FA03F082
:101AE000BBFA80BD0000000080B542F21040C2F297
:101AF000004042F68011C2F2004101F075FD012064
:101B000004F046FD80BD000080B542F24850C2F2AC
:101B1000004042F68011C2F2004101F065FD012053
:101B200004F036FD80BD000080B586B000F0E8F816
:101B300042F68010C2F200400190F5F7B1FC019826
:101B4000012100220492F4F79BFA42F62020C2F20F
:101B500000400290F5F7A4FC049A0298102103912A
:101B6000F4F78EFA42F6C020C2F200400590F5F775
:101B700097FC0399049A0598F4F782FA06B080BDA1
:101B800080B58EB00D900C910B920C9802900020B5
:101B90000390049008210591069007900890099001
:101BA0000A900D980B9A02A9F4F7EAFA08B1FFE738
:101BB000FFE70EB080BD000080B582B001900198B3
:101BC000002202231946FBF77FFB0198D0F8081189
:101BD00040F2880CC2F2004CDCF80000DCF8042073
:101BE000DCF80830DCF80CC0C1F80CC08B604A602F
:101BF00008600198D0F8001140F2980CC2F2004C35
:101C0000DCF80000DCF80420DCF80830DCF80CC05C
:101C1000C1F80CC08B604A6008600198D0F82011B0
:101C200040F2A80CC2F2004CDCF80000DCF8042002
:101C3000DCF80830DCF80CC0C1F80CC08B604A60DE
:101C400008600198D0F8241140F2B80CC2F2004CA0
:101C5000DCF80000DCF80420DCF80830DCF80CC00C
:101C6000C1F80CC08B604A6008600198D0F8181168
:101C700048F2D01CC0F6010CDCF80000DCF80420AF
:101C8000DCF80830DCF80CC0C1F80CC08B604A608E
:101C9000086002B080BD000080B586B003A9019144
:101CA00001460198059180ED010AC0ED000A0398F4
:101CB000059949680860049805994968486005983D
:101CC000FBF732FF00208DF80B00FFE79DF80B00BB
:101CD000012813DCFFE7059800689DF80B2050F8F9
:101CE000220046F63071C2F2004141F82200FFE7BF
:101CF0009DF80B0001308DF80B00E7E706B080BDC2
:101D000080B592B000200A900B9002210C91012125
:101D10000D910E900F9042F68010C2F200400AA979
:101D2000F4F79EFA18B1FFE7F0F77AFEFFE700201C
:101D300002900121039102210491059106900790E0
:101D400042F62020C2F2004002A90191F4F788FA7D
:101D5000019942F6C020C2F20040F4F781FA12B0B5
:101D600080BD00000000000081B00090009842F6A5
:101D70004061C2F20041884201D1FFE7FFE701B0B4
:101D80007047000000000000B0B5A0B040F2C420D1
:101D9000C2F20040D0ED040A90ED1D0A40F2580056
:101DA000C2F20040007801EE100AB8EE411A9FED31
:101DB000D22A81EE021A40F29070C2F2004002F084
:101DC0007FF800201F90FFE71F980B2805DCFFE736
:101DD000FFE71F9801301F90F6E740F22002C2F2A1
:101DE0000042029240F29071C2F20041069191EDE0
:101DF000213A91ED225A92ED002A92ED010A92EDDC
:101E0000024A92ED031A20EE050AA2EE030A42F2FC
:101E1000E860C2F20040079090ED022A90ED035A6C
:101E200090ED083A90ED096A35EE465AA4EE050A9F
:101E300032EE432AA1EE020A92ED041A90ED0C2A2A
:101E4000A1EE020A92ED051A90ED0D2AA1EE020A0A
:101E500080ED010A031D049391ED213A91ED225A80
:101E600092ED062A92ED070A92ED084A92ED091AC0
:101E700020EE050AA2EE030A90ED022A90ED035A25
:101E800090ED083A90ED096A35EE465AA4EE050A3F
:101E900032EE432AA1EE020A92ED0A2A90ED0C1AC4
:101EA000A1EE420A92ED0B2A90ED0D1AA1EE420A24
:101EB00081ED200A40F27874C2F200442168626821
:101EC000A368D4F80CC0D4F810E064691D94CDF870
:101ED00070E0CDF86CC01A931992189190ED041A25
:101EE00090ED0E0AB7EEC13AB7EEC04A9DED180B61
:101EF0009DED1A1B9DED1C2B40F2D060C2F20040FC
:101F00000390B2EE045B8DED085B01F07DFE039A59
:101F10000498079943F28C03C2F2004393ED001A30
:101F200091ED102A43F28803C2F2004393ED003A88
:101F300040F2C423C2F2004393ED050A20EE430AA7
:101F400091EE420A81ED140A91ED010AB7EEC00A42
:101F500092ED021B30EE410BB7EEC00B81ED010A92
:101F6000B9EE040AF1EE040A00F05AFB069807994C
:101F700040F22045C2F200452A686B68D5F808C0D7
:101F8000D5F80CE02C696D6917951694CDF854E0DE
:101F9000CDF850C01393129291ED060AB7EEC03AF5
:101FA00090ED0B0AB7EEC04A9DED120B9DED141B90
:101FB0009DED162B40F27830C2F2004005909FED67
:101FC0004A5B01F021FE069840F25021C2F2004126
:101FD00091ED000A8DED0B0A90ED210A03F0B4F9A2
:101FE000059A069907989DED085BB0EE401A9DEDA5
:101FF0000B0A80EE010AB7EEC00A92ED021B30EE2A
:10200000010B90ED141AB7EEC11A30EE410BB7EE8A
:10201000C00B81ED1F0A40F26034C2F20044216817
:102020006268A368D4F80CC0D4F810E06469119415
:10203000CDF840E0CDF83CC00E930D920C9190EDA0
:10204000120AB7EEC04A9DED0C0B9DED0E1B9DEDE7
:10205000102B43F22810C2F200409FED253B01F007
:10206000D3FD42F6DC60C2F200400078C007A8B1A0
:10207000FFE740F29070C2F2004090ED200AB7EE08
:10208000C00A43F22811C2F2004191ED021B30EE6A
:10209000010BB7EEC00B80ED200A0EE043F22810D2
:1020A000C2F2004090ED020BB7EEC00B40F2907010
:1020B000C2F2004080ED200AFFE740F27400C2F255
:1020C0000040D0ED000AB1EE600A40F29070C2F21A
:1020D00000400190803000F0A3FA019802F0F4F87B
:1020E00020B0B0BD00BF00BF0000000000408F4026
:1020F000000000000000000000007A440000000022
:10210000B0B58EB040F2C420C2F20040D0ED040A57
:1021100090ED1D0A40F25800C2F20040007801EE36
:10212000100AB8EE411A9FEDB62A81EE021A40F667
:102130003C00C2F2004002F0D7F900200D90FFE70A
:102140000D980B2805DCFFE7FFE70D9801300D9097
:10215000F6E740F22001C2F20041019140F63C0254
:10216000C2F20042049292ED213A92ED225A91ED90
:10217000002A91ED010A91ED024A91ED031A20EE39
:10218000050AA2EE030A42F2E860C2F200400390A0
:1021900090ED023A90ED036A90ED082A90ED095A0D
:1021A00035EE465AA4EE050A32EE432AA1EE020AA3
:1021B00091ED041A90ED0A2AA1EE020A91ED051A9A
:1021C00090ED0B2AA1EE020A80ED000A92ED213A71
:1021D00092ED225A91ED062A91ED070A91ED084AF7
:1021E00091ED091A20EE050AA2EE030A90ED023ADB
:1021F00090ED036A90ED082A90ED095A35EE465AA3
:10220000A4EE050A32EE432AA1EE020A91ED0A2A53
:1022100090ED0A1AA1EE420A91ED0B2A90ED0B1AED
:10222000A1EE420A82ED200A91ED061A91ED070A0D
:1022300092ED212A92ED223A20EE030AA1EE020A43
:1022400042F67472C2F2004282ED000A90ED023A48
:1022500090ED030A90ED084A90ED091A30EE412AFC
:1022600091ED081A91ED090A33EE443A20EE030A83
:10227000A1EE020A42F67872C2F2004282ED000A32
:1022800091ED0A1A91ED0B0A90ED0A2A90ED0B3AA6
:1022900020EE030AA1EE020A42F67C71C2F200416E
:1022A00081ED000A90ED000AB7EEC00A40F2D0615D
:1022B000C2F2004191ED021B30EE410BB7EEC00BB4
:1022C00080ED000AB9EE040AF1EE040A00F0A8F964
:1022D0000399049840F22045C2F200452A686B68D1
:1022E000D5F808C0D5F80CE02C696D690B950A94F7
:1022F000CDF824E0CDF820C00793069291ED060AB0
:10230000B7EEC03A90ED0B0AB7EEC04A9DED060B52
:102310009DED081B9DED0A2B40F23840C2F20040B3
:1023200002909FED355B01F06FFC049840F2502164
:10233000C2F2004191ED000A8DED050A90ED210AEF
:1023400003F002F8029A03990498B0EE401A9DED4A
:10235000050A80EE010AB7EEC00A92ED021B30EECC
:10236000010B91ED141AB7EEC11A30EE010BB7EE66
:10237000C00B80ED1F0A42F6DC60C2F2004000781C
:10238000C007A8B1FFE740F63C00C2F2004090ED64
:10239000200AB7EEC00A43F22811C2F2004191EDC3
:1023A000021B30EE010BB7EEC00B80ED200A0EE0F1
:1023B00043F22810C2F2004090ED020BB7EEC00BC2
:1023C00040F63C00C2F2004080ED200AFFE740F2F8
:1023D0007400C2F20040D0ED000AB1EE600A40F68F
:1023E0003C00C2F200400090803000F019F90098E3
:1023F00001F06AFF0EB0B0BD0000000000408F4049
:1024000000007A440000000080B586B042F210401F
:10241000C2F200400190022101F0B2FB0198B7EE38
:10242000C00A9FED251B8DED021B30EE010BB7EEB0
:10243000C00B40F29071C2F20041059181ED170A84
:10244000012101F09DFB9DED021B0599B7EEC00A2D
:1024500030EE010BB7EEC00B81ED180A40F2C4223A
:10246000C2F2004292ED1D1A40F27800C2F2004022
:1024700090ED000A30EE410A42F2E860C2F20040FC
:1024800080ED0C0A92ED040AB1EE400A80ED0D0ACF
:10249000D26F826340F63C02C2F2004292ED210A02
:1024A00091ED211A30EE010AB1EE400A80ED120AD8
:1024B00006B080BD00BF00BF4D1D4254FB21F93F57
:1024C00080B588B042F24850C2F20040019002212B
:1024D00001F056FB0198B7EEC00A9FED471B8DED4A
:1024E000021B30EE010BB7EEC00B40F63C01C2F20E
:1024F0000041059181ED170A012101F041FB9DED9D
:10250000021B0598B7EEC00A30EE010BB7EEC00B08
:1025100080ED180A40F2C420C2F2004090ED1D0A7E
:1025200040F27801C2F2004191ED001A30EE410A0A
:1025300042F2E861C2F20041079181ED0A0A0269A4
:10254000CA62006F086442F23420C2F20040069072
:102550004088A0F5806000B200EE100AB8EEC01B03
:1025600001F1180091ED060AB7EEC00A9FED242B89
:10257000A1EE020BB7EEC00B81ED060A9FED260A15
:10258000DFED260A00F04CF806990798CA88A2F5F4
:10259000806212B200EE102AB8EEC00B9FED1A2B2B
:1025A00020EE020BB7EEC00B80ED020A90ED021A8E
:1025B00090ED030AB7EEC11AB7EEC00AA1EE020B06
:1025C000B7EEC00B80ED030A8988A1F5806109B2DE
:1025D00000EE101AB8EEC01B90ED040AB7EEC00A68
:1025E0009FED0B2BA1EE020BB7EEC00B80ED040AA2
:1025F00008B080BD00BF00BF4D1D4254FB21F93F14
:10260000309B3D9FF2D77A3EFCA9F1D24D62503FFC
:10261000F168E388B5F8E4BE9A99193E3333B33EC6
:1026200083B002908DED010ACDED000A029890ED85
:10263000000A9DED011AB4EE410AF1EE10FA04DA37
:10264000FFE70198029908600FE0029890ED000AF8
:102650009DED001AB4EE410AF1EE10FA04DDFFE739
:10266000009802990860FFE7FFE703B07047000099
:1026700085B004AA00920246009880ED000A0392F9
:10268000029190ED000ABDEEC00A10EE100AADF8FE
:1026900006009DF807000299039A01EB420101F838
:1026A000020CBDF806000299039A01EB420101F801
:1026B000010C05B07047000080B542F6AC50C2F284
:1026C000004042F22121C2F200411222F9F758FCE7
:1026D00080BD00000000000080B58AB0099008911C
:1026E000099842F6AC51C2F20041884217D1FFE787
:1026F0000898122813D1FFE702A8019000F01CF8F7
:10270000019942F23420C2F200401822EDF7FBFE9C
:1027100042F24C20C2F2004000F0D2FAFFE742F64B
:10272000AC50C2F2004042F22121C2F2004112221A
:10273000F9F726FC0AB080BD014600204861086117
:10274000C86088604860086042F22122C2F20042FC
:102750001078537840EA03206FF3DF200880507828
:102760009378C00840EA43106FF3DF2048809078E8
:1027700092F803C01379800940EA8C0040EA832074
:102780006FF3DF20888010795379400840EAC31046
:102790006FF3DF20C8805079800908725079C0F348
:1027A000011048729079D37940EA03208881107A29
:1027B000537A40EA0320C881907AD37A40EA032012
:1027C0000882107B8874507BC874907BD37B40EA6E
:1027D00003208882107C527C40EA022048817047A6
:1027E00080B582B0019001980090FFF765FF0098D6
:1027F00002B080BD0000000080B58AB008908DED69
:10280000070A8DF81B1008990391079808609DF836
:102810001B00C00730B9FFE7039908684860002033
:102820008860DCE00398007F0146029140B1FFE739
:102830000298012832D0FFE70298032878D09EE062
:10284000039890ED010A90ED021A90ED052AA1EE91
:10285000020A80ED010A90ED004A90ED013A90EDF8
:10286000020A90ED041AB7EEC12A32EE022BB7EE3F
:10287000C00A21EE011A33EE443A21EE031AB7EEF4
:10288000C11AA2EE001B90ED052AB7EEC22AA1EEF6
:10289000420BB7EEC00B80ED020A71E0039890ED99
:1028A000040AB7EEC00A30EE001BB7EE000B80EE54
:1028B000010BB7EEC00B80ED060A90ED002A90EDFB
:1028C000010A90ED021A90ED043A8DED013A30EED6
:1028D000420A8DED091A9DED092AB0EEC22A21EEB9
:1028E000021A90ED062AA1EE020A00F0C9F99DED48
:1028F000010A0146039801EE101AB8EEC11A20EE43
:10290000410A8DED050A90ED010A90ED021A90ED55
:10291000052AA1EE020A80ED010A9DED051A90ED4F
:10292000020A90ED052AA1EE020A80ED020A27E0D4
:10293000039890ED002A90ED010AD0ED020A90ED87
:10294000041A30EE420AD0ED051A00F091F803980F
:102950008DED040A90ED010A90ED021A90ED052A22
:10296000A1EE020A80ED010A9DED041A90ED020A23
:1029700090ED052AA1EE020A80ED020A00E0FFE7D1
:10298000039890ED030AB5EE400AF1EE10FA26D056
:10299000FFE7039890ED020A90ED031AB4EE410AA6
:1029A000F1EE10FA04DDFFE70399C868886015E0CE
:1029B000039890ED020A90ED031AB1EE411AB4EEBD
:1029C000410AF1EE10FA08DAFFE7039890ED030AE6
:1029D000B1EE400A80ED020AFFE7FFE7FFE70AB029
:1029E00080BD00000000000086B002AA00920246EE
:1029F0000098059280ED020AC0ED010A80ED001AF0
:102A00008DF8071005980399C16004990161029936
:102A100041619DF80710017706B070470000000083
:102A200080B584B08DED030ACDED020A9DED030A59
:102A30009DED021A30EE010A00F022F901909DEDA1
:102A4000030A9DED021A30EE410A00F019F9014621
:102A50000198401A00EE100AB8EEC00BB6EE001B4B
:102A600020EE010BB7EEC00B04B080BD00000000EB
:102A700080B59CB08DED1A0ACDED190A8DED181AAE
:102A8000CDED171A9DED180A9DED171A20EE010ADB
:102A900020EE010A42F25821C2F200410F9181ED6D
:102AA000000A9DED170A9DED191A20EE010A42F267
:102AB0006020C2F20040049080ED000A9DED1A0AE9
:102AC00090ED001A30EE010A42F25C20C2F20040A2
:102AD000069080ED000A91ED000AB7EEC00A00688A
:102AE0001B909DED1B1AB0EEC11AB7EEC12AB2EED3
:102AF000003BB0EE401BA2EE031B20EE010BB7EE35
:102B0000C00B05F064FA0499069842F26422C2F2FE
:102B10000042019282ED000A91ED000AB7EEC00A70
:102B20008DED020B90ED000A00F0AAF8019B9DEDDF
:102B3000020B049A069984460F9801EE10CAB8EE6B
:102B4000C11A93ED002A90ED003A32EE432A21EEAD
:102B5000021AB7EEC11AB6EE002BA1EE020BB7EEC9
:102B6000C00B42F26823C2F20043059383ED000AD2
:102B700092ED001A91ED000A31EE001A8DED071A60
:102B8000D0ED000AFFF74CFF059A06990F98B0EEBA
:102B9000401A9DED070A20EE010AB7EEC00A8DED3E
:102BA0000A0B92ED000AB7EEC00A8DED080B91ED0D
:102BB000000AD0ED000AFFF733FF9DED081B0F98C8
:102BC000B0EE402A9DED0A0BB7EEC23AB7EE002BED
:102BD0008DED102B32EE432BA1EE020BB7EEC00BA6
:102BE00042F25421C2F200410E9181ED000A9DEDA6
:102BF000181A91ED000AD0ED000A80EE202A21EE8D
:102C0000021A8DED0C1AFFF70BFF0E98B0EE401A6A
:102C10009DED0C0A20EE010AB7EEC00A8DED140BF3
:102C20009DED180A8DED0D0A90ED000A00F028F8D0
:102C30009DED0D0A0E9902460F9801EE102AB8EE8E
:102C4000C11A20EE010AB7EEC00A8DED120B91ED0C
:102C5000000AD0ED000AFFF7E3FE9DED102B9DED7D
:102C6000121BB0EE403A9DED140BB7EEC33A32EEB4
:102C7000432B91EE420BB7EEC00B1CB080BD0000A1
:102C800082B08DED000A9DED000AB5EE400AF1EE2E
:102C900010FA03DDFFE7012001900EE09DED000A30
:102CA000B5EE400AF1EE10FA04DAFFE74FF0FF301C
:102CB000019002E000200190FFE7019802B0704708
:102CC00080B582B0019001980090F4F741FE009920
:102CD000086002B080BD000080B582B0019001980C
:102CE00042F64061C2F20041884217D1FFE742F24A
:102CF0006870C2F20040FFF7E3FF40F21E60C2F2CC
:102D000000400090007800F00BF8009942F6406017
:102D1000C2F200400122F9F777FFFFE702B080BD61
:102D200080B582B08DF807009DF80700A52808D16E
:102D3000FFE742F29461C2F2004108680130086086
:102D4000FFE742F29460C2F200400068022816D108
:102D5000FFE742F29860C2F200400090016842F240
:102D60009C60C2F2004000F023F8009942F29462A5
:102D7000C2F200420120106000200860FFE742F22A
:102D80009460C2F20040006801280FD1FFE79DF86F
:102D9000070042F29863C2F200431A68511C19609E
:102DA00042F29C61C2F200418854FFE702B080BD4C
:102DB00080B584B0039002910398017840F2A4504A
:102DC000C2F200400170039A5178927841EA0221E0
:102DD00041800399C9780171039909794171039A76
:102DE0005179927941EA0221C1804088332801DB80
:102DF000FFE78BE00020ADF80600FFE7BDF8060016
:102E000040F2A451C2F200414988884212DAFFE739
:102E10000398BDF806201044C07940F2A451C2F2D4
:102E2000004111440872FFE7BDF806000130ADF81B
:102E30000600E3E7039A40F2A451C2F20041488839
:102E40001044C079A1F878000398052100F0B8F883
:102E500058B1FFE7039840F2A451C2F200414988FB
:102E6000093100F0D9F808B9FFE74FE040F2A4506B
:102E7000C2F20040C0880146009140F20121884220
:102E80000CD0FFE7009840F20221884217D0FFE7FC
:102E9000009840F20331884224D036E040F2A45337
:102EA000C2F20043988A42F27271C2F200418881F4
:102EB0009868DA681B698B604A60086026E040F217
:102EC000A451C2F200418868CA680B69D1F814C0E5
:102ED00042F28071C2F20041C1F80CC08B604A60BE
:102EE000086013E040F2A451C2F200418868CA6849
:102EF0000B69D1F814C042F66471C2F20041C1F806
:102F00000CC08B604A60086000E0FFE704B080BD41
:102F100083B0029001918DF80320FFE70198411ED4
:102F2000019198B1FFE79DF8030002994A1C0292B3
:102F3000097848408DF802009DF8021048F2E03010
:102F4000C0F60100405C8DF80300E7E79DF8030040
:102F500003B070470000000084B002900191ADF80A
:102F60000220029828B9FFE74FF6FF70ADF80E0077
:102F700021E0FFE70198411E0191B8B1FFE70298F7
:102F8000411C029100788DF80100BDF802109DF8F7
:102F900001004840C2B248F2E010C0F6010030F82B
:102FA000120080EA1120ADF80200E3E7BDF802004C
:102FB000ADF80E00FFE7BDF80E0004B0704700004A
:102FC00080B584B00290019100208DF80300029832
:102FD00020B1FFE70198022803D8FFE70020039003
:102FE00014E0029801990139FF22FFF791FF8DF853
:102FF00003009DF80300029A0199114411F8011C85
:10300000401AB0FA80F040090390FFE7039804B03B
:1030100080BD00000000000080B586B004900391E0
:103020000020ADF80A00049820B1FFE703980228B9
:1030300003D8FFE70020059029E00498039902399E
:1030400040F26202C2F200421288FFF785FFADF83B
:103050000A009DF80A10049A0398104410F8022CF4
:103060000020914201900DD1FFE79DF80B00049ADA
:103070000399114411F8011C401AB0FA80F040097C
:103080000190FFE7019800F001000590FFE7059827
:1030900006B080BD0000000085B0039002918DF85D
:1030A000072003980090049000208DF80600FFE7A9
:1030B0009DF8060004280CDCFFE700999DF8062027
:1030C000FF208854FFE79DF8060001308DF80600C8
:1030D000EEE700208DF80500FFE79DF805009DF85C
:1030E000071088420DDAFFE700999DF80500029A63
:1030F000125C8854FFE79DF8050001308DF805004B
:10310000EBE7049805B0704782B001908DF803108A
:103110008DF802208DF8013001989DF80310417060
:103120009DF8021081709DF80110017002B0704787
:103130008CB00B908DED080B8DED061B8DED042BE7
:103140008DED023B0B989DED080B80ED000B9DED86
:10315000060B80ED020B9DED040B80ED040B9DED45
:10316000020B80ED060B42F2FB11C4F20901019142
:1031700042F61851C5F24441009190ED061B9FEDB7
:103180001A0B80EE010B80ED080B90ED001BB7EEE3
:10319000000B80EE011B9FED162B81EE021B31EE22
:1031A000011B9FED152B21EE021B80ED0C1B49F638
:1031B0009911C3F6B971C16249F69A11C9F699110C
:1031C000816290ED021B80ED0E1B90ED041B80EDE3
:1031D000101B90ED001B80EE010B80ED120B0CB06C
:1031E000704700BF00BF00BF0000000000807640B5
:1031F0000000000000004E40182D4454FB210940FF
:103200002DE9F0438DB0DDF86880199F189E179D59
:10321000169CDDF854E0DDF850C0DDF86C90CDF878
:1032200030800B970A9609950894CDF81CE0CDF8EC
:1032300018C005930492039102900298009003989D
:10324000ADF8060000208DF80500FFE79DF80500A9
:10325000002852DCFFE7009ABDF80600B2F95C10C6
:103260009DF805301A4492F86820114488423DD1F7
:10327000FFE7009800F160019DF805E001EBCE0347
:103280001B9AD2F800C0526841F83EC05A609DF8BF
:10329000052001EBC2039A8812BA120C9A809DF89D
:1032A000053031F8332012BA120C21F833209DF882
:1032B000052001EBC2035A8812BA120C5A809DF8FD
:1032C000052001EBC202D18809BA090CD1809DF812
:1032D000051000F015F800989DF8051001EB41016C
:1032E00000EB81005030FFF7EBFCFFE7FFE79DF8B4
:1032F000050001308DF80500A8E70DB0BDE8F083AA
:103300008AB0099008910998019000F18001079115
:1033100000F16002089902EBC103B3F9043000EE3A
:10332000103AB8EEC00B079B93ED081B20EE010B83
:1033300001EB810100EB011181ED000B089901EB1C
:10334000810100EB011191ED000B9FED7F1B20EE41
:10335000010B81ED020B089932F9313000EE103A81
:10336000B8EEC00B079B93ED0A1B93ED0C2B20EEE0
:10337000020B20EE010B01EB810100EB011181ED4D
:10338000040B089932F9313000EE103AB8EEC00B58
:10339000079B93ED0A1B20EE010B01EB810100EB73
:1033A000011181ED060B089902EBC102B2F902206E
:1033B00000EE102AB8EEC00B079A92ED101B20EE1B
:1033C000010B01EB810100EB011181ED080B089964
:1033D00001EB810100EB011191ED080B079A92EDD1
:1033E0000E1B20EE010B81ED0A0B90F87800C00750
:1033F000B8B9FFE70199089800EB800001EB0010D5
:1034000090ED000B80ED0E0B089800EB800001EBB7
:10341000001090ED000B80ED100B012081F878007A
:10342000FFE70198089901EB810100EB011191ED93
:103430000E0B8DED040B089901EB810100EB0110DF
:1034400090ED000B8DED020B9DED020B9DED041B2D
:1034500030EE410B9FED3E1BB4EE410BF1EE10FA46
:103460001ADAFFE701989DED041B9FED3F0B30EE4C
:10347000410B9DED021B30EE011B079991ED122BC4
:10348000089901EB810100EB011090ED100BA1EE0A
:10349000020B80ED100B3EE09DED020B9DED041B39
:1034A00030EE410B9FED2C1BB4EE410BF1EE10FA08
:1034B0001ADDFFE701989DED020B9FED291B30EE11
:1034C000010B9DED041B30EE411B079991ED122B72
:1034D000089901EB810100EB011090ED100BA1EEBA
:1034E000020B80ED100B15E001989DED020B9DED98
:1034F000041B30EE411B079991ED122B089901EB4B
:10350000810100EB011090ED100BA1EE020B80ED9C
:10351000100BFFE7FFE701989DED020B089901EB07
:10352000810100EB011181ED0E0B089901EB810186
:1035300000EB011090ED100B9FED031B20EE010B33
:1035400080ED120B0AB07047172751A246DF913F5A
:1035500000000000008066C000000000008066409F
:1035600000000000008076C000000000008076406F
:1035700080B58AB00191844601980CA9CDF820C08D
:10358000ADF81E0006920593089802900990BDF8C8
:103590001E20A0F85C200022039280F87820803062
:1035A0005022ECF7F5FF03988DF81300FFE79DF824
:1035B000130000280FDCFFE7029906989DF81320FE
:1035C000805C114481F86800FFE79DF8130001302A
:1035D0008DF81300EBE702990598C86609980AB0C0
:1035E00080BD00000000000080B582B00190009115
:1035F000019A4FF0023042F8D80F506000983821FD
:10360000FEF7BEFA02B080BD2DE9F0438DB0DDF8C3
:103610006880199F189E179D169CDDF854E0DDF810
:1036200050C0DDF86C90CDF830800B970A96099564
:103630000894CDF81CE0CDF818C0059304920391CE
:103640000290029800900398ADF8060000208DF8D3
:103650000500FFE79DF80500012852DCFFE7009A0E
:10366000BDF80600B2F9B8109DF805301A4492F87A
:10367000D020114488423DD1FFE7009800F1C001FD
:103680009DF805E001EBCE031B9AD2F800C052680A
:1036900041F83EC05A609DF8052001EBC2039A88AC
:1036A00012BA120C9A809DF8053031F8332012BA04
:1036B000120C21F833209DF8052001EBC2035A8833
:1036C00012BA120C5A809DF8052001EBC202D18873
:1036D00009BA090CD1809DF8051000F025F8009872
:1036E0009DF8051001EB410100EB8100A030FFF7D0
:1036F000E7FAFFE7FFE79DF8050001308DF80500C8
:10370000A8E70DB0BDE8F08380B584B003900291C6
:10371000019203990298D1F8D410019AFEF730FA79
:1037200004B080BD000000008AB00990089109989B
:10373000019000F1E801079100F1C002089902EB45
:10374000C103B3F9043000EE103AB8EEC00B079B8A
:1037500093ED081B20EE010B01EB810100EB011141
:1037600081ED000B089901EB810100EB011191ED56
:10377000000B9FED7F1B20EE010B81ED020B0899E2
:1037800032F9313000EE103AB8EEC00B079B93EDE2
:103790000A1B93ED0C2B20EE020B20EE010B01EB2C
:1037A000810100EB011181ED040B089932F93130F0
:1037B00000EE103AB8EEC00B079B93ED0A1B20EE0B
:1037C000010B01EB810100EB011181ED060B089962
:1037D00002EBC102B2F9022000EE102AB8EEC00BD3
:1037E000079A92ED101B20EE010B01EB810100EB1B
:1037F000011181ED080B089901EB810100EB01112A
:1038000091ED080B079A92ED0E1B20EE010B81ED56
:103810000A0B90F8E000C007B8B9FFE701990898D3
:1038200000EB800001EB001090ED000B80ED0E0B23
:10383000089800EB800001EB001090ED000B80ED8C
:10384000100B012081F8E000FFE70198089901EBD7
:10385000810100EB011191ED0E0B8DED040B089928
:1038600001EB810100EB011090ED000B8DED020BDF
:103870009DED020B9DED041B30EE410B9FED3E1BB9
:10388000B4EE410BF1EE10FA1ADAFFE701989DED64
:10389000041B9FED3F0B30EE410B9DED021B30EE04
:1038A000011B079991ED122B089901EB810100EBA7
:1038B000011090ED100BA1EE020B80ED100B3EE01D
:1038C0009DED020B9DED041B30EE410B9FED2C1B7B
:1038D000B4EE410BF1EE10FA1ADDFFE701989DED11
:1038E000020B9FED291B30EE010B9DED041B30EE0A
:1038F000411B079991ED122B089901EB810100EB17
:10390000011090ED100BA1EE020B80ED100B15E0F5
:1039100001989DED020B9DED041B30EE411B0799B4
:1039200091ED122B089901EB810100EB011090ED54
:10393000100BA1EE020B80ED100BFFE7FFE70198E3
:103940009DED020B089901EB810100EB011181ED66
:103950000E0B089901EB810100EB011090ED100BAB
:103960009FED031B20EE010B80ED120B0AB0704798
:10397000172751A246DF913F00000000008066C07B
:10398000000000000080664000000000008076C05B
:10399000000000000080764080B58AB00191844626
:1039A00001980CA9CDF820C0ADF81E000692059331
:1039B000089802900990BDF81E20A0F8B8200022B7
:1039C000039280F8E020E8305022ECF7E1FD039804
:1039D0008DF81300FFE79DF8130001280FDCFFE7C7
:1039E000029906989DF81320805C114481F8D0005C
:1039F000FFE79DF8130001308DF81300EBE7029903
:103A00000598C1F8D40009980AB080BD00000000F4
:103A100080B5B6B03590ADF8D21033923293359868
:103A20001690BDF8D20017903398189032981990DC
:103A30001EA81A90B7EE000B9FED131B9FED142BE1
:103A40009FED153BFFF774FB1A99684650221B92B5
:103A50001C911D901D981C991B9A51F8043B1491C0
:103A600040F8043B1590043A1B921C911D90F1D133
:103A70001698199B189A1799FFF77AFD169836B081
:103A800080BD00BF00BF00BF9A9999999999E93FFD
:103A90008335CEA623805B3F000000000000E0409D
:103AA00080B5B6B03590ADF8D210339232933598D8
:103AB0001690BDF8D200179033981890329819904C
:103AC0001EA81A90B7EE000B9FED131B9FED142B51
:103AD0009FED153BFFF72CFB1A99684650221B926D
:103AE0001C911D901D981C991B9A51F8043B149130
:103AF00040F8043B1590043A1B921C911D90F1D1A3
:103B00001698199B189A1799FFF746FF169836B022
:103B100080BD00BF00BF00BF894160E5D022EB3F00
:103B20007B14AE47E17A843F000000000000E040D3
:103B300082B001908DF8031001989DF8031001EBFD
:103B4000810100EB011010ED100BB7EEC00B02B0BD
:103B5000704700000000000082B001908DF8031053
:103B600001989DF8031001EB810100EB011010EDAD
:103B7000040BB7EEC00B02B070470000000000005D
:103B800082B001908DF8031001989DF8031001EBAD
:103B9000810100EB011010ED020BB7EEC00B02B07B
:103BA000704700000000000080B582B001900198CD
:103BB00000907430B7EE000ADFED040A9FED041A9E
:103BC0000021FEF711FF009802B080BD0000000048
:103BD0006F12833A0000000088B007908DED040B4F
:103BE0008DED021B8DED002B07989DED040B80EDF4
:103BF000000B9DED020B80ED020B9DED000B80EDA7
:103C0000040B08B07047000080B592B08DED0E2B0C
:103C10008DED0C1B8DED0A0B09908DED063B8DEDA6
:103C2000044B8DED025B0999019191F8700091F8B8
:103C3000711088420BDDFFE7019890F87110013197
:103C400080F8711090ED020B8DED100BBDE0019826
:103C5000002180F871109DED060B80ED000B9DEDAD
:103C6000040B80ED040B74309DED060B9DED041BE1
:103C700030EE410BB7EEC00B0121FEF7BDFD019800
:103C800090ED1E0AB7EEC00A80ED160B9DED0A0BF3
:103C900090ED161B20EE010B80ED060B90ED0E0B48
:103CA00090ED161B30EE010B80ED0E0B90ED0E0B20
:103CB0009DED0C1B20EE010B80ED080B90ED080B29
:103CC00090ED261BB4EE410BF1EE10FA06DDFFE796
:103CD000019890ED260B80ED080BFFE7019890ED21
:103CE000080B90ED261BB1EE411BB4EE410BF1EE3B
:103CF00010FA08DAFFE7019890ED260BB1EE400BC1
:103D000080ED080BFFE7019890ED160B90ED281B56
:103D1000B0EEC00BB4EE410BF1EE10FA05DDFFE79B
:103D20000199002048620862FFE701989DED0E0BA3
:103D300090ED1F1AB7EEC11A20EE010B80ED0A0BB1
:103D40009DED0C0BB5EE400BF1EE10FA05D1FFE73F
:103D50000199002048620862FFE7019890ED060B88
:103D600090ED082B90ED0A1B30EE020B30EE010BAC
:103D700080ED020B90ED020B9DED021BB4EE410BAA
:103D8000F1EE10FA06DDFFE701989DED020B80EDE4
:103D9000020BFFE7019890ED020B9DED021BB1EEC7
:103DA000411BB4EE410BF1EE10FA08DAFFE701987F
:103DB0009DED020BB1EE400B80ED020BFFE7019889
:103DC00090ED020B8DED100BFFE79DED100B12B087
:103DD00080BD00000000000080B582B00190019815
:103DE0000090FFF7E1FE00980021C4F2C821C0F85E
:103DF000841002B080BD000081B0009000990020C6
:103E0000C4F25C20C860002081F8380001B070471F
:103E100080B582B0019001980090FFF7EDFF009807
:103E200002B080BD0000000080B586B0DDF820C083
:103E30000490ADF80E108DF80D20029304980090B8
:103E40000590093008999DF80D20FFF725F9009994
:103E500002984860BDF80E00088000208DF8070029
:103E6000FFE79DF807009DF80D1088421EDAFFE776
:103E700000994A689DF807004FF4327310FB032243
:103E80004FF6FF705081BDF80E00DDF820C09DF8A0
:103E900007201CF802C0604449685A438852FFE773
:103EA0009DF8070001308DF80700DAE700999DF8CA
:103EB0000D000872059806B080BD000000000000EB
:103EC00080B59AB016908DED150ACDED140A8DEDE2
:103ED000131A169812909DED150AB1EE400A42F29F
:103EE000D461C2F2004181ED000A9DED140AB1EEE9
:103EF000400A42F2D061C2F2004181ED000A90ED29
:103F0000040A8DED000A90ED180A01F0C5FE129822
:103F1000B0EE401A9DED000A20EE010A80ED080A7D
:103F200090ED010A8DED010A90ED170A01F0B4FE43
:103F30001298B0EE401A9DED010A20EE010A80EDC4
:103F4000060A90ED000A8DED030A90ED040A8DED4E
:103F5000020A90ED180A01F0F7F99DED021A129885
:103F6000B0EE402A9DED030AA1EE020A80ED070A99
:103F700090ED010A8DED040A90ED170A01F0E4F9C5
:103F80001298B0EE401A9DED040A20EE010A80ED71
:103F9000050A90ED053A90ED062A90ED071A90ED8E
:103FA000080A31EE431A30EE420A20EE000AA1EE72
:103FB000010A8DED190A9DED190A04F008F812980E
:103FC00080ED0F0A90ED020A90ED052A90ED071A98
:103FD00030EE000A31EE421A20EE010A80ED120A9C
:103FE00090ED020A90ED062A90ED081A30EE000AD4
:103FF00031EE421A20EE010A80ED130A90ED022AFA
:1040000090ED031A90ED0F0A20EE000AA2EE020ACC
:10401000A1EE410A80ED140A90ED122A90ED130AE8
:104020008DED050A90ED141A20EE000AA2EE020AA8
:10403000A1EE410A8DED180A9DED180A03F0C7FFA5
:104040001298B0EE401A9DED050A30EE010A90ED8F
:10405000121A90ED142A71EE020A03F02FFE129844
:1040600030EE000A80ED150A90ED020A8DED060A89
:1040700090ED061A90ED082A90ED150A31EE421ADD
:104080008DED071A01F008FE9DED061A1298B0EEAC
:10409000402A9DED070AA1EE020A8DED0A0A90ED75
:1040A000020A8DED090A90ED051A90ED072A90EDB0
:1040B000150A31EE421A8DED081A01F045F9DDEDD1
:1040C000080A9DED091AB0EE402A9DED0A0AE1EEBC
:1040D000020A03F0F3FD129880ED160A90ED010A32
:1040E0008DED0C0A90ED170A01F02EF912988DED66
:1040F0000B0A90ED020A8DED0D0A90ED150A01F004
:1041000023F99DED0B2A9DED0C1A1298B0EE403A62
:104110009DED0D0A20EE030AA1EE020A80ED090AC8
:1041200090ED010A8DED0F0A90ED170A01F0B4FD34
:1041300012988DED0E0A90ED020A8DED100A90EDA9
:10414000150A01F0A9FD9DED0E2A9DED0F1A12989A
:10415000B0EE403A9DED100A20EE030AA1EE020AED
:1041600080ED0A0A90ED002A90ED091A90ED0A0AF6
:10417000B0EE003A8DED113A82EE032A31EE421A8A
:1041800020EE000AA1EE010A8DED170A9DED170A37
:1041900003F01DFF9DED113A129880ED0B0A90ED92
:1041A000002A90ED091A90ED0A0A82EE032A71EEB8
:1041B000420A03F083FD129880ED0C0A90ED0C0A80
:1041C000B7EEC01A9FED3E0B30EE410BB7EEC00BC1
:1041D00080ED0D0A90F8A80038B9FFE71299086B36
:1041E0004864012081F8A800FFE7129991ED0C0ABC
:1041F00091ED111A30EE410A9DED131A80EE010A7D
:1042000081ED100A91ED100AB1EE400A81ED0E0A1F
:1042100042F2D460C2F2004090ED000AB7EEC01A3C
:104220009FED270B30EE410B91ED0C1AB7EEC11A42
:1042300030EE410BB7EEC00B81ED210A42F2D060A7
:10424000C2F2004090ED000AB1EE400A91ED101A62
:1042500030EE410A81ED220A086B486491ED0B0AA9
:1042600091ED271A30EE410A9DED131A80EE010AF6
:1042700081ED250A91ED250A91ED281A30EE410ACB
:104280009DED131A80EE010A81ED260AD1F8940003
:10429000C1F8A000C86AC1F89C0091ED220A91ED16
:1042A000231A30EE410A9DED131A80EE010A81EDCA
:1042B000240AD1F88800C1F88C001AB080BD00BF74
:1042C0004D1D4254FB21F93F80B590B00F900F98DF
:1042D0000D9090ED010A8DED000A90ED0C0A90ED25
:1042E000161A30EE410A01F0D7FC0D98B0EE401AD4
:1042F0009DED000A20EE010A8DED010A90ED151AE0
:1043000090ED170A30EE410A01F0C6FC0D98B0EEB0
:10431000401A9DED010A20EE010A8DED020A90ED92
:10432000151A90ED160A30EE410A01F0B5FC0D9811
:10433000B0EE401A9DED020A80EE010A80ED190AE6
:1043400090ED010A8DED030A90ED0C0A90ED161A1E
:1043500030EE410A00F0F8FF0D98B0EE401A9DEDE6
:10436000030A20EE010A8DED040A90ED151A90ED76
:10437000170A30EE410A01F08FFC0D98B0EE401A9A
:104380009DED040A20EE010A8DED060A90ED0B0A60
:104390008DED050A90ED151A90ED160A30EE410AE2
:1043A00001F07AFC9DED051A0D98B0EE402A9DEDC6
:1043B000060A21EE021A80EE010A80ED1A0A90ED3B
:1043C000040A8DED070A90ED0C0A90ED151A30EEF7
:1043D000410A01F061FC0D98B0EE401A9DED070A0C
:1043E00020EE010A8DED080A90ED160A90ED181ADC
:1043F00030EE410A01F050FC0D98B0EE401A9DEDF0
:10440000080A20EE010A8DED090A90ED151A90EDCB
:10441000160A30EE410A01F03FFC0D98B0EE401A4A
:104420009DED090A80EE010A80ED1B0A90ED040A59
:104430008DED0A0A90ED0C0A90ED151A30EE410A46
:1044400000F082FF0D98B0EE401A9DED0A0A20EEB2
:10445000010A8DED0B0A90ED160A90ED181A30EE58
:10446000410A01F019FC0D98B0EE401A9DED0B0ABF
:1044700020EE010A8DED0E0A90ED0B0A8DED0C0A6F
:1044800090ED151A90ED160A30EE410A01F004FC89
:104490009DED0C1A0D98B0EE402A9DED0E0A21EE0E
:1044A000021A80EE010A80ED1C0A90ED191A90EDB7
:1044B0001A0A90ED1F2A90ED203A20EE030AA1EE91
:1044C000020A80ED1D0A90ED1B1A90ED1C0A90ED7A
:1044D0001F2A90ED203A20EE030AA1EE020A80ED99
:1044E0001E0A10B080BD000080B59AB016908DED08
:1044F000150ACDED140A8DED131A16981290159920
:1045000042F2DC62C2F200421160149942F2D862B7
:10451000C2F20042116090ED040A8DED000A90EDA8
:10452000180A01F0B9FB1298B0EE401A9DED000A8E
:1045300020EE010A80ED080A90ED010A8DED010AD6
:1045400090ED170A01F0A8FB1298B0EE401A9DED0D
:10455000010A20EE010A80ED060A90ED000A8DEDB9
:10456000030A90ED040A8DED020A90ED180A00F09E
:10457000EBFE9DED021A1298B0EE402A9DED030A63
:10458000A1EE020A80ED070A90ED010A8DED040A02
:1045900090ED170A00F0D8FE1298B0EE401A9DED8B
:1045A000040A20EE010A80ED050A90ED053A90ED2F
:1045B000062A90ED071A90ED080A31EE431A30EE04
:1045C000420A20EE000AA1EE010A8DED190A9DEDC6
:1045D000190A03F0FCFC129880ED0F0A90ED020A14
:1045E00090ED052A90ED071A30EE000A31EE421ADE
:1045F00020EE010A80ED120A90ED020A90ED062AE3
:1046000090ED081A30EE000A31EE421A20EE010A4F
:1046100080ED130A90ED022A90ED031A90ED0F0A37
:1046200020EE000AA2EE020AA1EE410A80ED140A71
:1046300090ED122A90ED130A8DED050A90ED141AF3
:1046400020EE000AA2EE020AA1EE410A8DED180A40
:104650009DED180A03F0BBFC1298B0EE401A9DEDD8
:10466000050A30EE010A90ED121A90ED142A71EE4F
:10467000020A03F023FB129830EE000A80ED150ABF
:1046800090ED020A8DED060A90ED061A90ED082ACB
:1046900090ED150A31EE421A8DED071A01F0FCFA81
:1046A0009DED061A1298B0EE402A9DED070AA1EE84
:1046B000020A8DED0A0A90ED020A8DED090A90EDCD
:1046C000051A90ED072A90ED150A31EE421A8DED8C
:1046D000081A00F039FEDDED080A9DED091AB0EE6A
:1046E000402A9DED0A0AE1EE020A03F0E7FA129869
:1046F00080ED160A90ED010A8DED0C0A90ED170A77
:1047000000F022FE12988DED0B0A90ED020A8DED5D
:104710000D0A90ED150A00F017FE9DED0B2A9DED98
:104720000C1A1298B0EE403A9DED0D0A20EE030AE5
:10473000A1EE020A80ED090A90ED010A8DED0F0A43
:1047400090ED170A01F0A8FA12988DED0E0A90ED7F
:10475000020A8DED100A90ED150A01F09DFA9DED0B
:104760000E2A9DED0F1A1298B0EE403A9DED100AF8
:1047700020EE030AA1EE020A80ED0A0A90ED002A5B
:1047800090ED091A90ED0A0AB0EE003A8DED113A5B
:1047900082EE032A31EE421A20EE000AA1EE010A4F
:1047A0008DED170A9DED170A03F011FC9DED113AEE
:1047B000129880ED0B0A90ED002A90ED091A90ED09
:1047C0000A0A82EE032A71EE420A03F077FA12987F
:1047D00080ED0C0A90ED0C0AB7EEC01A9FED3E0B6F
:1047E00030EE410BB7EEC00B80ED0D0A90F8A8003B
:1047F00038B9FFE71299086B4864012081F8A800D6
:10480000FFE7129991ED0C0A91ED111A30EE410A71
:104810009DED131A80EE010A81ED100A91ED100A48
:10482000B1EE400A81ED0E0A42F2DC60C2F20040B5
:1048300090ED000AB7EEC01A9FED270B30EE410B4A
:1048400091ED0C1AB7EEC11A30EE410BB7EEC00B6A
:1048500081ED210A42F2D860C2F2004090ED000AD8
:10486000B1EE400A91ED101A30EE410A81ED220AB4
:10487000086B486491ED0B0A91ED271A30EE410A5E
:104880009DED131A80EE010A81ED250A91ED250AAE
:1048900091ED281A30EE410A9DED131A80EE010ABF
:1048A00081ED260AD1F89400C1F8A000C86AC1F8C9
:1048B0009C0091ED220A91ED231A30EE410A9DED04
:1048C000131A80EE010A81ED240AD1F88800C1F89C
:1048D0008C001AB080BD00BF4D1D4254FB21F93F32
:1048E00086B005908DED040ACDED030A8DED021A18
:1048F000CDED011A8DED002A0598049941600399C8
:1049000081600299C160019901610099016006B05E
:10491000704700000000000081B0ADF80200BDF952
:10492000020000280ED4FFE7BDF9021001F01F02BB
:10493000012090404A094EF20011CEF2000141F8E8
:104940002200FFE701B070474EF60C50CEF2000097
:104950000068C0F30220704782B0ADF806000091F5
:10496000BDF9060000280AD4FFE700980001BDF950
:1049700006104EF20042CEF2000288540BE000987E
:104980000001BDF8061001F00F014EF61452CEF2F0
:1049900000028854FFE702B07047000000000000EA
:1049A00083B00290029800F0070000904EF60C5180
:1049B000CEF200010868019001984FF6FF02104006
:1049C00001900198009A40EA02200022C0F2FA52B7
:1049D000104301900198086003B070470000000088
:1049E00080B582B042F21C20C2F200400078BFF3D2
:1049F0005F8FC007F8B9FFE742F21C20C2F2004007
:104A000002F0DAFAB8B1FFE701208DF806000220C3
:104A10008DF8070042F24850C2F2004050210DF1DB
:104A200006023223FFF73CF842F21C20C2F200409B
:104A300002F0F2FAFFE702B080BD000000000000C3
:104A400080B582B042F21820C2F200400078BFF375
:104A50005F8FC007F8B9FFE742F21820C2F20040AA
:104A600002F0AAFAB8B1FFE705208DF8060006208B
:104A70008DF8070042F21040C2F2004050210DF1C3
:104A800006023323FFF70CF842F21820C2F200406E
:104A900002F0C2FAFFE702B080BD00000000000093
:104AA00080B582B040F25C00C2F200406946086006
:104AB00040F2D010C2F2004041F26013C2F2004353
:104AC0004FF401710222FFF7AFF902B080BD000080
:104AD00080B582B041F2F060C2F200400190002146
:104AE0000180C0F80610C0F80210C0F80E10C0F81F
:104AF0000A10416101838176C176C16180F820107E
:104B000080F8211080F8221080F823102830FFF759
:104B100063F90198D030FFF75FF9019800F5BC7098
:104B2000FFF75AF9019800F50870FFF755F902B040
:104B300080BD00000000000080B586B041F6B810CE
:104B4000C2F200400490002103910180C0F80610D9
:104B5000C0F80210C0F80E10C0F80A1041610183BD
:104B60008176C176C16180F8201080F8211080F82C
:104B7000221080F823102830FFF72EF90498D03047
:104B8000FFF72AF9049800F5BC70FFF725F904989F
:104B900000F50870FFF720F9049800F532700590D1
:104BA000FFE705980290002101910180C0F80610EE
:104BB000C0F80210C0F80E10C0F80A10416101835D
:104BC0008176C176C16180F8201080F8211080F8CC
:104BD000221080F823102830FFF7FEF80298D0301A
:104BE000FFF7FAF8029800F5BC70FFF7F5F80298A5
:104BF00000F50870FFF7F0F8029800F532710846EA
:104C000041F6B812C2F2004202F5B262914205903A
:104C1000C7D1FFE706B080BD80B582B041F64870CD
:104C2000C2F20040019000210180C0F80610C0F8D7
:104C30000210C0F80E10C0F80A104161018381769D
:104C4000C176C16180F8201080F8211080F8221010
:104C500080F823102830FFF7BFF80198D030FFF715
:104C6000BBF8019800F5BC70FFF7B6F8019800F5A5
:104C70000870FFF7B1F802B080BD0000000000002E
:104C800080B582B040F25E00C2F200406946086022
:104C900040F25420C2F2004041F2F063C2F20043FD
:104CA0004FF400710122FFF7BFF802B080BD000091
:104CB00080B582B040F25F00C2F2004069460860F1
:104CC00040F26420C2F2004041F6B813C2F2004341
:104CD0004FF400710222FFF7A7F802B080BD000078
:104CE00080B582B040F26100C2F2004069460860BF
:104CF00040F27420C2F2004041F64873C2F2004311
:104D00004FF401710122FFF78FF802B080BD00005F
:104D100080B542F68070C2F20040FFF779F880BD9E
:104D200080B540F23050C2F2004006210322002339
:104D3000FEF7EAF980BD000080B540F26850C2F28B
:104D40000040082104220023FEF7DEF980BD0000A8
:104D500080B582B042F21420C2F200400078BFF366
:104D60005F8FC007E0B9FFE742F21420C2F20040B3
:104D700002F022F9A0B1FFE704208DF8070042F20B
:104D80004030C2F2004096210DF107023223FEF7B7
:104D90003FFE42F21420C2F2004002F03DF9FFE76C
:104DA00002B080BD0000000080B540F2F840C2F2C1
:104DB0000040002201231946FEF7A6F980BD00003D
:104DC00080B540F25860C2F2004006210322002361
:104DD000FEF79AF980BD000080B540F29060C2F203
:104DE0000040082104220023FEF78EF980BD000058
:104DF00080B540F22060C2F2004000220123194633
:104E0000FEF782F980BD000080B540F2D060C2F2AA
:104E10000040FEF7E1FF80BD80B540F27870C2F23D
:104E20000040B2EE040B9FED041BB0EE082BFEF722
:104E3000D3FE80BD00BF00BF0000000000000000E6
:104E400080B540F27830C2F20040FEF7C5FF80BD69
:104E500080B540F22040C2F200409FED052BB0EE3D
:104E6000420BB0EE421BFEF7B7FE80BD00BF00BF95
:104E7000000000000000000080B540F23840C2F29F
:104E80000040FEF7A9FF80BD80B540F2E040C2F2CD
:104E900000409FED052BB0EE420BB0EE421BFEF73B
:104EA0009BFE80BD00BF00BF0000000000000000AE
:104EB00080B582B042F21020C2F200400078BFF309
:104EC0005F8FC007E0B9FFE742F21020C2F2004056
:104ED00002F072F8A0B1FFE708208DF8070042F257
:104EE0007020C2F2004096210DF107023323FEF735
:104EF0008FFD42F21020C2F2004002F08DF8FFE771
:104F000002B080BD0000000080B543F22810C2F25C
:104F10000040FEF761FF80BD80B540F26030C2F214
:104F200000409FED050B9FED061BB2EE0E2BFEF72A
:104F300053FE80BD00BF00BF00000000008056404F
:104F4000000000000000000080B540F6E800C2F25A
:104F500000409FED050ADFED050A9FED051A0021CF
:104F6000FDF742FD80BD00BF0000164300000000B9
:104F70006F12833A0000000080B543F20410C2F2C1
:104F800000409FED050ADFED050A9FED051A00219F
:104F9000FDF72AFD80BD00BF00004843000000006F
:104FA0006F12833A0000000080B543F2E400C2F2C1
:104FB00000409FED050ADFED050A9FED051A00216F
:104FC000FDF712FD80BD00BF000048430000000057
:104FD0006F12833A0000000080B542F24870C2F2BE
:104FE00000409FED050ADFED050A9FED051A00213F
:104FF000FDF7FAFC80BD00BF0000C84200000000C1
:105000006F12833A0000000080B540F20C00C2F23B
:10501000004090ED000A40F21000C2F20040D0EDD6
:10502000000A40F21400C2F2004090ED001A40F273
:105030001800C2F20040D0ED001A40F21C00C2F28B
:10504000004090ED002A40F29070C2F20040FFF75D
:1050500047FC80BD0000000080B540F20C00C2F2A9
:10506000004090ED000A40F21000C2F20040D0ED86
:10507000000A40F21400C2F2004090ED001A40F223
:105080001800C2F20040D0ED001A40F21C00C2F23B
:10509000004090ED002A40F63C00C2F20040FFF7CD
:1050A0001FFC80BD0000000080B542F22020C2F24B
:1050B0000040FDF795FB80BD80B582B040F608103A
:1050C000C2F20040019000210180C0F80610C0F833
:1050D0000210C0F80E10C0F80A10416101838176F9
:1050E000C176C16180F8201080F8211080F822106C
:1050F00080F823102830FEF76FFE0198D030FEF7BD
:105100006BFE019800F5BC70FEF766FE019800F595
:105110000870FEF761FE02B080BD000000000000D4
:1051200080B586B040F6D030C2F200400490002135
:1051300003910180C0F80610C0F80210C0F80E10EC
:10514000C0F80A10416101838176C176C16180F89F
:10515000201080F8211080F8221080F823102830C9
:10516000FEF73AFE0498D030FEF736FE049800F5BC
:10517000BC70FEF731FE049800F50870FEF72CFEB7
:10518000049800F532700590FFE705980290002121
:1051900001910180C0F80610C0F80210C0F80E108E
:1051A000C0F80A10416101838176C176C16180F83F
:1051B000201080F8211080F8221080F82310283069
:1051C000FEF70AFE0298D030FEF706FE029800F5C0
:1051D000BC70FEF701FE029800F50870FEF7FCFDBA
:1051E000029800F53271084640F6D032C2F2004211
:1051F00002F5B26291420590C7D1FFE706B080BDCB
:1052000080B586B041F26010C2F2004004900021E7
:1052100003910180C0F80610C0F80210C0F80E100B
:10522000C0F80A10416101838176C176C16180F8BE
:10523000201080F8211080F8221080F823102830E8
:10524000FEF7CAFD0498D030FEF7C6FD049800F5BD
:10525000BC70FEF7C1FD049800F50870FEF7BCFDB8
:10526000049800F532700590FFE705980290002140
:1052700001910180C0F80610C0F80210C0F80E10AD
:10528000C0F80A10416101838176C176C16180F85E
:10529000201080F8211080F8221080F82310283088
:1052A000FEF79AFD0298D030FEF796FD029800F5C1
:1052B000BC70FEF791FD029800F50870FEF78CFDBA
:1052C000029800F53271084641F26012C2F20042C3
:1052D00002F5B26291420590C7D1FFE706B080BDEA
:1052E00080B582B040F25900C2F2004069460860C1
:1052F00040F2B010C2F2004040F60813C2F2004380
:105300004FF400710122FEF78FFD02B080BD000056
:1053100080B582B040F25A00C2F20040694608608F
:1053200040F2C010C2F2004040F6D033C2F2004357
:105330004FF400710222FEF777FD02B080BDEBF75B
:105340005DFA00000000000089B08DED080A9DEDB7
:10535000081A9FED3A2AB5EE000AA1EE020A8DED79
:10536000050A9DED050ABDEEC00A8DED010A9DED11
:10537000050AB5EE400AF1EE10FA04DAFFE70198EB
:1053800001380190FFE79DED050A9DED011AB8EE89
:10539000C11A30EE410A8DED050A9DED050A9FED1B
:1053A000281A20EE010A8DED000A9DED000ABCEEE0
:1053B000C00A10EE100AADF81200BDF81200B0F5E8
:1053C000007F0CDBFFE70020ADF812009DED000A26
:1053D0009FED1C1A30EE010A8DED000AFFE79DEDEE
:1053E000000ABDF8120001EE100AB8EE411A30EEC4
:1053F000410A8DED060ABDF8121048F2E040C0F6F1
:10540000010050F821100391BDF8121000EB81004B
:10541000406802909DED060AB7EE001A31EE401A80
:105420009DED032A9DED023A20EE030AA1EE020A49
:105430008DED070A9DED070A09B0704783F9223EFA
:1054400000000044000000C489B008900791069253
:10545000089840680590079840680490069840684E
:10546000039008990888498848430290029801905F
:10547000FFE70198A8B1FFE70598011D059190EDA0
:10548000000A0498011D049190ED001A30EE010A03
:105490000398011D039180ED000A019801380190E5
:1054A000E7E700208DF803009DF9030009B070477D
:1054B00083B00290ADF80610ADF804200093BDF85B
:1054C000060002990880BDF80400029948800098FF
:1054D0000299486003B07047BBB039903891399851
:1054E00040683790389840683690399800883490F2
:1054F0003998408833900020329031902B90369824
:10550000359034982C90FFE72C9858B3FFE73498E7
:105510002C99401A2A90FFE72A9848B1FFE735995D
:10552000081D3590002008602A9801382A90F3E77A
:105530003599081D35904FF07E5008602C98013841
:105540002A90FFE72A9848B1FFE73599081D359062
:10555000002008602A9801382A90F3E72C98013837
:105560002C90D1E700202990FFE7299833998842B1
:1055700080F04B82FFE729982F9039994868498835
:10558000299A01FB022100EB8100359035980068D3
:10559000329029983090299801302D90FFE72D986E
:1055A0003499884225D2FFE73999486849882D9A6D
:1055B000299B01FB023100EB810035903598006892
:1055C00031909DED310AB0EEC00A9DED321AB0EE79
:1055D000C11AB4EE410AF1EE10FA05DDFFE72D988D
:1055E000309031983290FFE7FFE72D9801302D90F1
:1055F000D5E79DED320AB5EE400AF1EE10FA76D00D
:10560000FFE730982999884271D0FFE739984068C0
:1056100025903998406824903998408823902398A1
:105620002999401A22902F982399299A00FB012149
:10563000259800EB8100259030982399299A00FB4A
:105640000121249800EB8100249000202790FFE79F
:1056500027982299884213DAFFE725980068269058
:105660002498006825990A1D259208602698249997
:105670000A1D24920860FFE7279801302790E7E78A
:10568000389840681F90389840681E903898408835
:105690001D901D981C902F981D9941431F9800EB59
:1056A00081001F9030981D9941431E9800EB8100A6
:1056B0001E9000202190FFE721981C99884213DA60
:1056C000FFE71F98006820901E9800681F990A1D28
:1056D0001F92086020981E990A1D1E920860FFE71D
:1056E000219801302190E7E701202B90FFE72B98CC
:1056F00001280CD0FFE79DED320AB5EE400AF1EE2D
:1057000010FA04D1FFE7FB208DF8EB00BCE19DED22
:10571000321AB7EE000A80EE010A8DED320A39988E
:1057200040681A9039984088199019982999401A18
:1057300018902F981999299A00FB01211A9800EBCB
:1057400081001A9000201B90FFE71B98189988424F
:1057500010DAFFE79DED321A1A98011D1A9190EDAB
:10576000000A20EE010A80ED000AFFE71B980130D5
:105770001B90EAE738984068169038984088159052
:10578000159814902F9815994143169800EB8100B5
:10579000169000201790FFE717981499884210DAA6
:1057A000FFE79DED321A1698011D169190ED000A43
:1057B00020EE010A80ED000AFFE7179801301790EC
:1057C000EAE700202D90FFE72D982F99884280F07E
:1057D0008780FFE73999486849882D9A299B01FB02
:1057E000023100EB8100359035980068329039988D
:1057F000406812903998406811903998408810900C
:1058000010982999401A0F9012982D99109A514387
:1058100000EB8100299900EB8100129011982F99DB
:10582000109A514300EB8100299900EB81001190FF
:1058300000201390FFE713980F99884215DAFFE7CD
:105840009DED321A1198011D119190ED002A1298C8
:10585000011D129190ED000AA1EE420A80ED000AAE
:10586000FFE7139801301390E5E7389840680D90F2
:10587000389840680C90389840880B900B980A90A4
:105880000D982D990B9A514300EB81000D900C98C7
:105890002F990B9A514300EB81000C9000200E9041
:1058A000FFE70E980A99884215DAFFE79DED321A54
:1058B0000C98011D0C9190ED002A0D98011D0D9181
:1058C00090ED000AA1EE420A80ED000AFFE70E9873
:1058D00001300E90E5E7FFE72D9801302D9073E73A
:1058E0002F9801302D90FFE72D983499884280F051
:1058F0008780FFE73999486849882D9A299B01FBE1
:10590000023100EB8100359035980068329039986B
:105910004068089039984068079039984088069008
:1059200006982999401A059008982D99069A51438E
:1059300000EB8100299900EB8100089007982F99CE
:10594000069A514300EB8100299900EB81000790F2
:1059500000200990FFE709980599884215DAFFE7CA
:105960009DED321A0798011D079190ED002A0898C5
:10597000011D089190ED000AA1EE420A80ED000A97
:10598000FFE7099801300990E5E7389840680390EF
:1059900038984068029038984088019001980090AB
:1059A00003982D99019A514300EB810003900298CE
:1059B0002F99019A514300EB81000290002004903E
:1059C000FFE704980099884215DAFFE79DED321A47
:1059D0000298011D029190ED002A0398011D039188
:1059E00090ED000AA1EE420A80ED000AFFE704985C
:1059F00001300490E5E7FFE72D9801302D9073E723
:105A0000FFE7299801302990AFE500208DF8A30029
:105A10002B98012833D0FFE79DED320AB5EE400AFE
:105A2000F1EE10FA2BD1FFE739984068379000204B
:105A30002E90FFE72E983499339A5143884212D220
:105A4000FFE737982E9900EB810090ED000AB5EE44
:105A5000400AF1EE10FA01D0FFE704E0FFE72E98CC
:105A600001302E90E6E72E983499339A51438842BC
:105A700004D1FFE7FB208DF8A300FFE7FFE79DF8C7
:105A8000A3008DF8EB00FFE79DF9EB003BB07047FA
:105A900092B008AB0093119010910F92119840684A
:105AA0000E90109840680D90119840680C901098D6
:105AB00040680B900F9840680A9011980088ADF8E4
:105AC0001E0010984088ADF81C0011984088ADF871
:105AD0001A0000200490BDF81E000390FFE70A980A
:105AE000049900EB81000990BDF81C000590109806
:105AF00040680D90FFE7002008900C980E90BDF8CC
:105B00001A000290FFE70298C8B1FFE700980E99CB
:105B10000A1D0E9291ED001A0D9991ED002A90ED5B
:105B2000000AA1EE020A80ED000ABDF81C100D98D3
:105B300000EB81000D90029801380290E3E708988D
:105B400009990A1D099208600598013805900B987B
:105B5000BDF81C10059A891A00EB81000D90FFE733
:105B600005980028C7D1FFE70498BDF81C10084429
:105B700004900C98BDF81A1000EB81000C9003986B
:105B800001380390FFE703980028A8D1FFE7002021
:105B90008DF807009DF9070012B070470000000063
:105BA00089B0089007910692089840680590079878
:105BB00040680490069840680390089908884988CE
:105BC0004843029002980190FFE70198A8B1FFE7CF
:105BD0000598011D059190ED000A0498011D04919E
:105BE00090ED001A30EE410A0398011D039180EDFB
:105BF000000A019801380190E7E700208DF80300C2
:105C00009DF9030009B070478AB00990089109987E
:105C10004068079008984068069009980088ADF899
:105C2000120009984088ADF81000BDF812000290EB
:105C300000200190FFE70698019900EB8100059094
:105C4000BDF810000390FFE7039880B1FFE70798C5
:105C5000011D0791006805990860BDF812100598AC
:105C600000EB81000590039801380390ECE7019860
:105C700001300190029801380290FFE70298002855
:105C8000D9D1FFE700208DF803009DF903000AB089
:105C9000704700000000000089B08DED080A9DEDFE
:105CA000080A9FED391A20EE010A8DED050A9DEDD7
:105CB000050ABDEEC00A8DED010A9DED050AB5EE9F
:105CC000400AF1EE10FA04DAFFE70198013801907A
:105CD000FFE79DED050A9DED011AB8EEC11A30EE01
:105CE000410A8DED050A9DED050A9FED281A20EE6B
:105CF000010A8DED000A9DED000ABCEEC00A10EE0F
:105D0000100AADF81200BDF81200B0F5007F0CDBF0
:105D1000FFE70020ADF812009DED000A9FED1C1A70
:105D200030EE010A8DED000AFFE79DED000ABDF897
:105D3000120001EE100AB8EE411A30EE410A8DED64
:105D4000060ABDF8121048F2E040C0F6010050F813
:105D500021100391BDF8121000EB81004068029001
:105D60009DED060AB7EE001A31EE401A9DED032AAA
:105D70009DED023A20EE030AA1EE020A8DED070A1C
:105D80009DED070A09B0704783F9223E00000044E8
:105D9000000000C40000000080B58AB0EAF7F0FD02
:105DA00080200590EBF758F855200690EBF754F853
:105DB0000698EBF751F843F28401C2F200410891D2
:105DC0000870EAF7D1FD01200790F0F735F9EAF7FE
:105DD000D7FD0598EBF740F80698EBF73DF80698E5
:105DE000EBF73AF808990870EAF7BEFD0798F0F764
:105DF00023F9EAF7C5FD7E20B621EBF745F8EAF76F
:105E0000B3FD5020F0F718F9EAF7BAFD0598EBF763
:105E100023F80698EBF720F80698EBF71DF8089999
:105E20000870EAF7A1FD0798F0F706F9EAF7A8FD70
:105E30000598EBF711F80698EBF70EF80698EBF7D4
:105E40000BF808990870EAF78FFD0798F0F7F4F857
:105E5000089800781E2804D0FFE7FF208DF827005F
:105E600074E046F63871C2F2004100200870FFE786
:105E700046F63870C2F200400078052862DCFFE781
:105E8000EAF77EFD46F63870C2F2004003900078D3
:105E900000EB400240F2C800C2F2004004908118BA
:105EA000805C4978EAF7F0FFEAF75EFD0120019097
:105EB000F0F7C2F8EAF764FD03990498097801EB5A
:105EC0004101405C40F08000EAF7C6FF5520009099
:105ED000EAF7C2FF0098EAF7BFFF43F28401C2F27B
:105EE000004102910870EAF73FFD0198F0F7A4F82D
:105EF0000298039A04990078127802EB4202114446
:105F00004978884215D0FFE746F63870C2F2004063
:105F1000007800EB400140F2C800C2F200400844A3
:105F2000827842F27071C2F2004108781043087022
:105F3000FFE7FFE746F63871C2F20041087801300A
:105F4000087095E700208DF82700FFE79DF82700EF
:105F50000AB080BD0000000080B588B0EAF728FDD7
:105F600043F28401C2F20041069100200490EAF756
:105F70005FFFEAF711FD01200590F0F75DF8EAF701
:105F800017FD04980699EAF753FFEAF705FD05980F
:105F9000F0F752F8EAF70CFD1420B621EAF774FF87
:105FA000EAF7FAFC5020F0F747F8EAF701FD049809
:105FB0000699EAF73DFFEAF7EFFC0598F0F73CF8A1
:105FC000EAF7F6FC04980699EAF732FFEAF7E4FCF0
:105FD0000598F0F731F8069800780F2804D0FFE70D
:105FE000FF208DF81F006DE046F63871C2F20041C7
:105FF00000200870FFE746F63870C2F200400078D3
:1060000005285BDCFFE7EAF7D3FC46F63870C2F2FE
:1060100000400290007800EB400240F2DA00C2F249
:10602000004003908118805C4978EAF72DFFEAF779
:10603000B3FC01200090EFF7FFFFEAF7B9FC0299EB
:106040000398097801EB4101405C43F28401C2F2FC
:1060500000410191EAF7ECFEEAF79EFC0098EFF7A9
:10606000EBFF0198029A03990078127802EB420242
:1060700011444978884218D0FFE746F63870C2F2DA
:106080000040017801390170007800EB400140F2D6
:10609000C800C2F200400844827842F27071C2F235
:1060A0000041087810430870FFE7FFE746F63871B3
:1060B000C2F200410878013008709CE700208DF89A
:1060C0001F00FFE79DF81F0008B080BD0000000022
:1060D00084B003908DED020ACDED010A8DED001A1A
:1060E0000298039908600198039948600098039901
:1060F000886003994FF07E500863039946F231108F
:10610000C0F601004867039946F2B910C0F60100D5
:106110008867039946F27110C0F60100C8670399B9
:106120004EF6D950C0F60000C1F8800004B07047A8
:1061300087B08DED061ACDED050A8DED040ACDED83
:10614000032A8DED022ACDED011A009000990498E2
:10615000059A069B4B610A61C86000990198029AF2
:10616000039B0B62CA61886107B0704700000000A2
:1061700080B582B00190019890ED160A01F008FDFB
:10618000B1EE400A019880ED190A019890ED170AC6
:10619000D0ED180A01F092FD019880ED1A0A0198DD
:1061A000D0ED100A90ED130A01F088FD019880ED02
:1061B0001B0A02B080BD000080B58AB00990099822
:1061C00090ED062A90ED070A90ED081A20EE000ADD
:1061D000A2EE020AA1EE010AB7EEC00A01F0C4FE67
:1061E000B7EEC00B8DED080A099890ED060A9DEDFB
:1061F000081A80EE010A80ED060A099890ED070A58
:106200009DED081A80EE010A80ED070A099890EDCD
:10621000080A9DED081A80EE010A80ED080A099827
:1062200090ED071A90ED080A90ED173A90ED182AB4
:1062300020EE030A91EE020A8DED070A099890ED0F
:10624000060A90ED081A90ED162A90ED183A20EE05
:10625000030A91EE020A8DED060A099890ED061ADE
:1062600090ED070A90ED163A90ED172A20EE030AFA
:1062700091EE020A8DED050A09989DED073A90ED21
:10628000011A90ED022A90ED090A21EE031AA1EEFF
:10629000020A80ED090A09989DED063A90ED011A6F
:1062A00090ED022A90ED0A0A21EE031AA1EE020AED
:1062B00080ED0A0A09989DED053A90ED011A90EDDE
:1062C000022A90ED0B0A21EE031AA1EE020A80EDDC
:1062D0000B0A09989DED073A90ED002A90ED030A0C
:1062E00090ED091AA2EE031A30EE010A80ED030ABE
:1062F00009989DED063A90ED002A90ED040A90ED84
:106300000A1AA2EE031A30EE010A80ED040A099877
:106310009DED053A90ED002A90ED050A90ED0B1ADF
:10632000A2EE031A30EE010A80ED050A0998006B0F
:1063300004900998406B03900998806B029009982B
:10634000C06B0190099890ED020AB6EE001A20EE9B
:10635000010A8DED000A9DED032A09989DED021AB0
:1063600090ED034A90ED045A90ED053A90ED0C0A39
:1063700021EE051AA2EE041A9DED012AA2EE031ADF
:106380009DED002AA1EE420A80ED0C0A9DED042A43
:1063900009989DED021A90ED034A90ED043A90EDB4
:1063A000055A90ED0D0A21EE051AA2EE041A9DED94
:1063B000012AA2EE431A9DED002AA1EE020A80ED09
:1063C0000D0A9DED042A09989DED031A90ED033AFC
:1063D00090ED044A90ED055A90ED0E0A21EE051A53
:1063E00092EE041A9DED012AA2EE031A9DED002AF9
:1063F000A1EE020A80ED0E0A9DED042A09989DED9A
:10640000031A90ED033A90ED045A90ED054A90ED91
:106410000F0A21EE051AA2EE041A9DED022AA2EE41
:10642000431A9DED002AA1EE020A80ED0F0A099899
:1064300090ED0C3A90ED0D0A90ED0E2A90ED0F1AAA
:1064400020EE000AA3EE030AA2EE020AA1EE010A60
:10645000B7EEC00A01F088FDB7EEC00B8DED080A5B
:10646000099890ED0C0A9DED081A80EE010A80ED66
:106470000C0A099890ED0D0A9DED081A80EE010AAC
:1064800080ED0D0A099890ED0E0A9DED081A80EE38
:10649000010A80ED0E0A099890ED0F0A9DED081A89
:1064A00080EE010A80ED0F0A0998D0F88010884725
:1064B0000AB080BD0000000080B584B000200390C9
:1064C000F1F75EFAF8F778FEF8F78EFAF7F75CFF67
:1064D000F7F79AFDF7F714FEF7F752FEF8F72CF8E6
:1064E000F7F7CEFDF8F7BCF9F8F7A2F8F8F724F9BA
:1064F000F8F76EF9F8F7F0F8F8F756F8F9F748FCFE
:1065000042F6CC40C2F20040F5F7A2F842F6344021
:10651000C2F20040F5F79CF84FF4F070ECF734F954
:10652000FFE742F66030C2F200400021EAF7F4FBD8
:1065300008B1FFE7F5E740F60000C5F6020001905C
:106540004FF4005101220292F1F7EAF90198029A00
:106550004FF48041F1F7E4F9F7F756FE00F02CF81C
:10656000FFE7FEE70000000082B0ADF80600002063
:106570000090BDF90600842807D0FFE7BDF90600AA
:106580000099084403300090FFE7009802B070477C
:1065900080B584B0039003980290029818B1FFE789
:1065A0000298019002E001200190FFE7019800F0BD
:1065B000D7FE002004B080BD80B500F009FF0020A8
:1065C00080BD000000000000B0B590B00E900D91AD
:1065D0000E98406938B3FFE70E98806918B3FFE75B
:1065E0000E980168089141680B91016909910D9914
:1065F0000A91B0F90800FFF7B7FF0899099A0A9BBA
:1066000084460B98DDF838E0DEF81440DEF81850C8
:10661000EE46CEF80850CEF80440CEF800C001F0A7
:10662000A3F80C9020E00E9801680491416807914E
:10663000018A05910D990691B0F90800FFF794FFC2
:106640000499059A069B84460798EE460CACCEF852
:106650000440CEF800C001F037F8012803D0FFE76E
:1066600000200F9003E0FFE70C980F90FFE70F98D2
:1066700010B0B0BD0000000080B584B0039002915E
:1066800047F22420C2F200400068009042F6E87011
:10669000C2F200400068043000F0C2FC88B9FFE795
:1066A00042F6E870C2F200400068C16A012000FAB8
:1066B00001F246F6EC51C2F20041086890430860CE
:1066C00000E0FFE70398013080B9FFE7029868B166
:1066D000FFE742F6E870C2F200400068011D47F291
:1066E000FC10C2F2004000F02FFD3DE0009803993D
:1066F00008440190019842F6E871C2F2004109682D
:1067000048600198009988420ED2FFE742F6F47083
:10671000C2F20040006842F6E871C2F20041096826
:10672000043100F0D9FC1EE042F6EC70C2F20040E9
:10673000006842F6E871C2F200410968043100F0D5
:10674000CBFC019847F2C811C2F2004109688842A7
:1067500007D2FFE7019847F2C811C2F20041086072
:1067600000E0FFE7FFE7FFE704B080BD00000000A6
:1067700080B582B0019000F013FD46F6DC51C2F204
:10678000004108680130086042F6E870C2F200403B
:10679000006898B9FFE7019842F6E871C2F200413B
:1067A000086046F6DC50C2F200400068012803D1C0
:1067B000FFE700F0CDF900E0FFE71CE047F2F01042
:1067C000C2F200400068A0B9FFE742F6E870C2F2EA
:1067D00000400068C06A0199C96A884207D8FFE78B
:1067E000019842F6E871C2F20041086000E0FFE75C
:1067F00000E0FFE7FFE746F6E851C2F20041086813
:10680000013008600198C16A012000FA01F246F6E1
:10681000EC51C2F200410868104308600199C86A4F
:1068200000EB800242F6F870C2F2004000EB8200FA
:10683000043100F089FC00F0DFFC47F2F010C2F2F6
:1068400000400068C8B1FFE742F6E870C2F20040BD
:106850000068C06A0199C96A88420CD2FFE74EF607
:106860000451CEF200014FF080500860BFF34F8F0B
:10687000BFF36F8F00E0FFE700E0FFE702B080BDED
:1068800080B582B0FFE746F6E050C2F200400068F3
:1068900008B3FFE700F084FC47F21020C2F200408A
:1068A000C068C06801900198043000F0B9FB46F65A
:1068B000DC51C2F2004108680138086046F6E05138
:1068C000C2F2004108680138086000F095FC0198A8
:1068D00000F006F8D7E702B080BD0000000000001D
:1068E00080B582B00090009890F8510040B9FFE761
:1068F0000098006B00F0A8FC009800F0A5FC1CE0DC
:10690000009890F85100012804D1FFE7009800F0AA
:106910009BFC11E0009890F8510002280BD0FFE793
:106920004FF0500080F31188BFF36F8FBFF34F8F8C
:106930000190FFE7FEE7FFE7FFE702B080BD000040
:1069400084B04FF47050009043F2D010C2F2004077
:1069500001909DF80400400788B1FFE701980730D7
:106960000190019820F007000190019A43F2D011A4
:10697000C2F200410098891A08440090FFE701988C
:106980000290029947F2F410C2F200400160002127
:1069900041600298009A10440190019808380190D3
:1069A000019820F007000190019A42F6F070C2F2BF
:1069B0000040026002685160026811600299039110
:1069C0000199039A891A5160006803990860039835
:1069D000406847F2C411C2F2004108600398406861
:1069E00046F66871C2F20041086046F63C71C2F298
:1069F00000414FF00040086004B070470000000004
:106A000080B582B00190FFE7FFF73AFF42F6F870D9
:106A1000C2F20040006802280CD3FFE74EF6045192
:106A2000CEF200014FF080500860BFF34F8FBFF3EC
:106A30006F8F00E0FFE7E7E780B588B0DDF834C08E
:106A4000DDF830C0DDF82CC0DDF828C006900591D7
:106A5000049203930C98006B049900EB81000438B6
:106A60000290029820F0070002909DF8080040076D
:106A700058B1FFE74FF0500080F31188BFF36F8FDC
:106A8000BFF34F8F0790FFE7FEE70598F8B1FFE7E8
:106A900000200190FFE701980F2813D8FFE7059821
:106AA000019A805C0C99114481F834000598019991
:106AB000405C08B9FFE705E0FFE7FFE70198013018
:106AC0000190E8E70C99002081F8430004E00C995C
:106AD000002081F83400FFE70A98072803D3FFE776
:106AE00006200A9000E0FFE70A980C99C8620A980D
:106AF0000C9948640C990020009088640C9804302C
:106B000000F0E2FA0C98183000F0DEFA00980C99C8
:106B100009610A99C1F107010C9A91610C994962C6
:106B20000C99C8640C9981F8500002980699039A50
:106B300000F012FA0C9908600B9820B1FFE70C984E
:106B40000B99086000E0FFE708B080BD000000007E
:106B500080B584B000200390FFE70398062810D882
:106B6000FFE7039800EB800142F6F870C2F20040A4
:106B700000EB810000F090FAFFE7039801300390EA
:106B8000EBE746F64070C2F20040019000F084FA54
:106B900046F65470C2F20040029000F07DFA47F2CF
:106BA000DC10C2F2004000F077FA47F21020C2F287
:106BB000004000F071FA47F2FC10C2F2004000F011
:106BC0006BFA0199029842F6EC72C2F2004211602F
:106BD00042F6F471C2F20041086004B080BD0000CA
:106BE00083B0029047F2F410C2F200400190FFE738
:106BF000019800680299884205D2FFE7FFE70198F3
:106C000000680190F4E701980090009801994968A4
:106C100008440299884209D1FFE702984268019925
:106C20004868104448600198029000E0FFE702982D
:106C300000900098029949680844019909688842BF
:106C400020D1FFE70198006842F6F071C2F20041DE
:106C5000096888420DD0FFE70198006842680299F0
:106C6000486810444860019800680068029908600C
:106C700007E042F6F070C2F2004000680299086036
:106C8000FFE704E00198006802990860FFE70198B7
:106C90000299884204D0FFE702980199086000E059
:106CA000FFE703B07047000008480068006880F301
:106CB00008884FF0000080F3148862B661B6BFF315
:106CC0004F8FBFF36F8F00DF00BF000008ED00E0C3
:106CD00081B042F6EC70C2F200400068006840B932
:106CE000FFE747F2C811C2F200414FF0FF300860E1
:106CF0000FE042F6EC70C2F200400068C068C06865
:106D000000900098406847F2C811C2F20041086044
:106D1000FFE701B07047000083B00020009040F210
:106D20008400C2F200400068013058B1FFE74FF024
:106D3000500080F31188BFF36F8FBFF34F8F029025
:106D4000FFE7FEE74FF0500080F31188BFF36F8F2D
:106D5000BFF34F8F0190FFE7009808B9FFE7FBE70B
:106D600003B070470000000080B58AB00690002094
:106D7000029000F095FB42F6F070C2F2004000680D
:106D800018B9FFE7FFF7DCFD00E0FFE7069846F6DD
:106D90003C71C2F200410968084240F0C580FFE73B
:106DA000069800B3FFE70698083006909DF8180093
:106DB0004007B0B1FFE7069820F0070008300690C2
:106DC0009DF81800400758B1FFE74FF0500080F3DE
:106DD0001188BFF36F8FBFF34F8F0990FFE7FEE776
:106DE00000E0FFE700E0FFE70698002800F09A8047
:106DF000FFE7069846F66871C2F2004109688842CA
:106E000000F29080FFE747F2F410C2F200400490D5
:106E100000680590FFE705984168069A00209142B6
:106E2000019007D2FFE705980068002818BF0120ED
:106E30000190FFE70198C00730B1FFE70598049083
:106E4000059800680590E6E7059842F6F071C2F2F1
:106E500000410968884263D0FFE704980068083061
:106E600002900598006804990860059840680699A2
:106E7000401A112821D3FFE705980699084403908A
:106E80009DF80C00400758B1FFE74FF0500080F329
:106E90001188BFF36F8FBFF34F8F0890FFE7FEE7B6
:106EA000059840680699401A039948600698059924
:106EB00048600398FFF794FE00E0FFE705984268FA
:106EC00046F66870C2F200400168891A01600068E5
:106ED00047F2C411C2F20041096888420BD2FFE7B1
:106EE00046F66870C2F20040006847F2C411C2F270
:106EF0000041086000E0FFE746F63C70C2F2004047
:106F000002680599486810434860059900200860A8
:106F100047F2D011C2F2004108680130086000E079
:106F2000FFE700E0FFE700E0FFE700F061FD9DF80C
:106F30000800400758B1FFE74FF0500080F3118878
:106F4000BFF36F8FBFF34F8F0790FFE7FEE7029805
:106F50000AB080BD0000000083B002900191009251
:106F600002980438029002994FF0807008600298ED
:106F700004380290019820F00100029908600298FC
:106F800004380290029946F61950C0F601000860D4
:106F90000298143802900098029908600298043808
:106FA000029002996FF00200086002982038029067
:106FB000029803B07047000080B5017809B1002045
:106FC00080BD4178012903D08A0705D4022242708E
:106FD000481E18BF012080BD01A0FEF7B0F900BF18
:106FE0005F5F6378615F67756172645F616371752C
:106FF0006972652064657465637465642072656395
:1070000075727369766520696E697469616C697AF5
:107010006174696F6E00000001210170417070475A
:1070200082B00190019800690090019841688068E1
:1070300088600199486889684860009840680199AB
:10704000884205D1FFE7019880680099486000E018
:10705000FFE701990020086100990868013808607D
:107060000098006802B0704783B0029001910092CE
:10707000029947F27010C2F200400860019946F68A
:107080006C70C2F20040086000998020086003B074
:10709000704700000000000081B00090009901F1ED
:1070A0000800486000994FF0FF308860009901F1B6
:1070B0000800C860009901F10800086100990020EB
:1070C000086001B07047000081B000900099002076
:1070D000086101B07047000084B0039002910298EB
:1070E000006800900098013020B9FFE7039800691C
:1070F000019010E0039808300190FFE70198406884
:1071000000680099884205D8FFE7FFE701984068CA
:107110000190F3E7FFE70198406802994860029800
:1071200041688860019802998860029801994860D6
:10713000039802990861039908680130086004B057
:10714000704700000000000083B002900191029897
:107150004068009000980199486000988068019903
:107160008860019800998968486001980099886052
:10717000029801990861029908680130086003B01B
:107180007047000000000000DFF80C00016841F4C7
:10719000700101607047000088ED00E00000000011
:1071A00082B04FF0500080F31188BFF36F8FBFF3B0
:1071B0004F8F019040F28400C2F20040016801311B
:1071C00001600068012814D1FFE74EF60450CEF2AA
:1071D00000000068000658B1FFE74FF0500080F350
:1071E0001188BFF36F8FBFF34F8F0090FFE7FEE76B
:1071F000FFE702B07047000082B040F28400C2F2A4
:107200000040006858B9FFE74FF0500080F3118844
:10721000BFF36F8FBFF34F8F0090FFE7FEE740F2A1
:107220008400C2F20040016801390160006830B991
:10723000FFE700200190019880F31188FFE702B07A
:10724000704700000000000080B586B003900398EE
:107250000290039800285CD0FFE70298083802905B
:10726000029801900198406846F63C71C2F20041D4
:10727000096808420BD1FFE74FF0500080F31188F6
:10728000BFF36F8FBFF34F8F0590FFE7FEE70198C5
:10729000006858B1FFE74FF0500080F31188BFF34A
:1072A0006F8FBFF34F8F0490FFE7FEE701984068B0
:1072B00046F63C71C2F200410968084227D0FFE758
:1072C0000198006808BBFFE746F63C70C2F2004038
:1072D0000268019948689043486000F0E1F801981D
:1072E000426846F66871C2F20041086810440860BE
:1072F0000198FFF775FC47F2D411C2F2004108680B
:107300000130086000F074FB00E0FFE700E0FFE7F9
:10731000FFE706B080BD00004EF21001CEF2000182
:10732000002008604EF21802CEF20002106040F217
:107330005000C2F20040006844F6D352C1F262022B
:10734000A0FB02024FF0FF3000EB92104EF214024D
:10735000CEF20002106007200860704700000000B5
:1073600080B584B00290002001900298E0B1FFE760
:1073700046F6E450C2F20040006858B1FFE74FF013
:10738000500080F31188BFF36F8FBFF34F8F0390CE
:10739000FFE7FEE700F084F802980021FFF76CF9A0
:1073A00000F026FB019000E0FFE7019860B9FFE7DD
:1073B0004EF60451CEF200014FF080500860BFF34A
:1073C0004F8FBFF36F8F00E0FFE704B080BD000078
:1073D00080B58AB0002003900690059006A805A904
:1073E00004AAFFF741FE039B049A0599DDF818C033
:1073F0006846C0F808C04160036046F60120C0F648
:10740000010048F62E51C0F6010100F0ADF9014629
:1074100047F26C10C2F200400160006818B1FFE74B
:107420000120079002E000200790FFE7079801285D
:1074300023D1FFE74FF0500080F31188BFF36F8F27
:10744000BFF34F8F099047F2C811C2F200414FF0CD
:10745000FF30086047F2F011C2F2004101200860DD
:1074600047F22421C2F200410020086000F080F8B9
:1074700008B1FFE700E0FFE70FE00798013058B9D7
:10748000FFE74FF0500080F31188BFF36F8FBFF319
:107490004F8F0890FFE7FEE7FFE70AB080BD0000CE
:1074A00046F6E451C2F200410868013008607047B6
:1074B00085B046F6E450C2F20040006838B1FFE7FC
:1074C00047F22821C2F20041012008604DE047F256
:1074D0002821C2F200410020086046F6EC50C2F2BA
:1074E0000040006804900498B0FA80F08DF80F0016
:1074F0009DF80F00C0F11F000190019800EB800182
:1075000042F6F870C2F2004050F8210058B9FFE787
:107510004FF0500080F31188BFF36F8FBFF34F8F90
:107520000290FFE7FEE7019800EB800142F6F87059
:10753000C2F2004000EB810000900099486840686A
:107540004860009948680831884205D1FFE70099F2
:10755000486840684860FFE700984068C06842F6A5
:10756000E871C2F200410860FFE705B07047000013
:1075700080B588B04EF60050CEF2000000684CF2A4
:107580007121C4F20F1188420BD1FFE74FF0500078
:1075900080F31188BFF36F8FBFF34F8F0790FFE722
:1075A000FEE74EF60050CEF2000000684CF270216B
:1075B000C4F20F1188420BD1FFE74FF0500080F367
:1075C0001188BFF36F8FBFF34F8F0690FFE7FEE781
:1075D0004EF20040CEF20000039001780491FF21AA
:1075E000017000788DF80B009DF80B0000F0500042
:1075F00046F6D051C2F20041087046F6D451C2F2AC
:10760000004107200860FFE79DF80B0000060028F6
:107610000DD5FFE746F6D451C2F2004108680138A3
:1076200008609DF80B0040008DF80B00ECE746F673
:10763000D450C2F20040006803280BD0FFE74FF09F
:10764000500080F31188BFF36F8FBFF34F8F059009
:10765000FFE7FEE746F6D451C2F200410868000297
:107660000860086800F4E060086004984EF2004189
:10767000CEF2000108704EF62051CEF200010868EB
:1076800040F470000860086840F070400860FFF740
:1076900043FE40F28401C2F20041002001900860E4
:1076A000FFF772FD4EF63471CEF20001086840F02B
:1076B00040400860FFF7F8FAFFF7FAFEFFF72CFBEF
:1076C000019808B080BD000070B58CB0DDF844C0F2
:1076D000DDF840C00B900A91ADF826200893BDF864
:1076E00026008000FFF740FB0590059880B1FFE77A
:1076F0005420FFF739FB0790079820B1FFE7059862
:107700000799086303E00598FFF79EFDFFE702E095
:1077100000200790FFE70798F0B1FFE707980026E1
:1077200080F851600B980A99BDF82620089BDDF877
:1077300040C0119C079DEE46CEF80C60CEF8085074
:10774000CEF80440CEF800C0FFF776F90798FFF7AF
:107750000FF80120069003E04FF0FF300690FFE79E
:1077600006980CB070BD0000B0B58EB0DDF850C00A
:10777000DDF84CC0DDF848C00A90099108920793E3
:10778000139858B9FFE74FF0500080F31188BFF30A
:107790006F8FBFF34F8F0D90FFE7FEE7149858B936
:1077A000FFE74FF0500080F31188BFF36F8FBFF3F6
:1077B0004F8F0C90FFE7FEE7542004900498542864
:1077C0000BD0FFE74FF0500080F31188BFF36F8FAD
:1077D000BFF34F8F0B90FFE7FEE70498149820B398
:1077E000FFE7139808B3FFE71498069013980699DB
:1077F00008630699022081F851000A980999089AAD
:10780000079BDDF848C0069CEE460025CEF80C50DC
:10781000CEF8084005ACCEF80440CEF800C0FFF723
:107820000BF90698FEF7A4FF02E000200590FFE7A1
:1078300005980EB0B0BD000080B586B00020029063
:1078400046F6E450C2F200400068002840F0C580CF
:10785000FFE747F22421C2F200410868013001909D
:1078600001980860019858BBFFE742F6EC70C2F23D
:1078700000400068006858B1FFE74FF0500080F307
:107880001188BFF36F8FBFF34F8F0590FFE7FEE7BF
:1078900042F6EC72C2F200421068009042F6F471B7
:1078A000C2F20041086810600098086047F2CC11ED
:1078B000C2F20041086801300860FFF709FA00E0F1
:1078C000FFE7019847F2C811C2F2004109688842F7
:1078D00062D3FFE7FFE742F6EC70C2F200400068B7
:1078E000006840B9FFE747F2C811C2F200414FF00B
:1078F000FF3008604FE042F6EC70C2F200400068D2
:10790000C068C06804900498406803900198039987
:10791000884207D2FFE7039847F2C811C2F200413C
:10792000086038E0FFE704980430FFF779FB04981B
:10793000806A28B1FFE704981830FFF771FB00E078
:10794000FFE70498C16A012000FA01F246F6EC5103
:10795000C2F200410868104308600499C86A00EB4D
:10796000800242F6F870C2F2004000EB820004315F
:10797000FFF7EAFB0498C06A42F6E871C2F20041E0
:107980000968C96A884203D3FFE70120029000E03A
:10799000FFE7FFE79FE7FFE742F6E870C2F200402B
:1079A0000068C06A00EB800142F6F870C2F2004045
:1079B00050F82100022803D3FFE70120029000E0E5
:1079C000FFE747F22820C2F20040006818B1FFE745
:1079D0000120029000E0FFE707E047F2D811C2F271
:1079E0000041086801300860FFE7029806B080BDDA
:1079F00080B584B000200290019046F6E450C2F2B7
:107A00000040006858B9FFE74FF0500080F311883C
:107A1000BFF36F8FBFF34F8F0390FFE7FEE7FFF7D2
:107A2000BFFB46F6E450C2F2004001680139016034
:107A30000068002840F09280FFE746F6DC50C2F272
:107A400000400068002800F08880FFE7FFE747F269
:107A5000DC10C2F200400068E0B3FFE747F2DC1040
:107A6000C2F20040C068C068029002981830FFF768
:107A7000D7FA02980430FFF7D3FA0298C16A0120BE
:107A800000FA01F246F6EC51C2F2004108681043D8
:107A900008600299C86A00EB800242F6F870C2F2F0
:107AA000004000EB82000431FFF74EFB0298C06AF1
:107AB00042F6E871C2F200410968C96A884207D3F8
:107AC000FFE747F22821C2F200410120086000E0F0
:107AD000FFE7BCE7029818B1FFE7FFF7F9F8FFE707
:107AE00047F2D810C2F20040006800900098E0B160
:107AF000FFE7FFE7FFF7A0FE38B1FFE747F22821D5
:107B0000C2F200410120086000E0FFE70098013860
:107B10000090FFE700980028ECD1FFE747F2D8116A
:107B2000C2F200410020086000E0FFE747F2282091
:107B3000C2F20040006870B1FFE7012001904EF6EC
:107B40000451CEF200014FF080500860BFF34F8F18
:107B5000BFF36F8F00E0FFE7FFE700E0FFE7FFF70D
:107B60004BFB019804B080BD4100080218BF0420FF
:107B70000A0E18BF40F001004FF07F4232EA0101C7
:107B800008BF40F00200012808BF05207047000030
:107B900010B54FF00E402DED028BB0EE408A18EE7E
:107BA000104A00EB4400B0F1506F4AD84FF0FC404F
:107BB000B0EB440F22D2B0EEC80AF7EE000A30EE66
:107BC000C00AF6EE000A60EE208A18EE900A00F075
:107BD00031FA01EE100A14F0004F1DBFDFED2D0A3F
:107BE0009FED2D0AB1EE411ADFED2C0A08BF9FED83
:107BF0002C0AF8EE001A21EE218A05E0DFED290AB1
:107C000068EE088AB0EE600A9FED271ADFED271AAA
:107C100030EE080A48EE811A9FED251A08EEA11AE7
:107C2000DFED241A48EE811A9FED231A08EEA11AFF
:107C300068EE281ABDEC028B01EE810A30EE200AB4
:107C400010BD4FF0E440B0EB440F0CD918EE100A11
:107C5000FFF78AFF042808BF00F0E4F9B0EE480AF5
:107C6000BDEC028B10BD4FF07F40B0EB440F07D24C
:107C7000B0EE480ABDEC028BBDE8104000F0C4B97C
:107C80000120E8F793FDBDEC028BBDE8104000F049
:107C9000C1B900000000C9BF22AAFDB90000C93F58
:107CA00022AAFD390000000024FE1C3DC78AD83CF2
:107CB0001E67383D1B93993DAFAA2A3E70B54FF021
:107CC00068422DED048BF0EE408A18EE900AB0EE7B
:107CD000608A18EE101A02EB4003B3F1654F3CBF07
:107CE00002EB4102B2F1654F7DD200BFC0F3C75332
:107CF000C1F3C7529A1A1B2A09DD10F0004F14BFB6
:107D00009FED830A9FED830ABDEC048B70BD12F1D9
:107D10001A0F36DA11F0004F09D010F0004F0CBFE7
:107D20009FED7D0A9FED7D0ABDEC048B70BD88EE52
:107D3000889A19EE100AFFF717FF042808BF00F011
:107D400071F918EE900AFFF70FFF054618EE100ABA
:107D5000FFF70AFF044619EE100AFFF705FF042D8E
:107D600018BF052D08D1042C18BF052C04D10028FC
:107D700004BF0220E8F71AFDB0EE490ABDEC048BFF
:107D800070BD4200B2EB410F3AD910F0004F19BF5D
:107D9000DFED630A9FED630ADFED630A9FED630A7F
:107DA000B0EE481A0A46B1EE688A80F00041F0EE63
:107DB000418A10460A1A5200B2F1807F34D24840FC
:107DC00010F0004FDFED5A1A9FED5A2A1DBFBEEE8C
:107DD000001A70EEE10A30EE420AB6EE001A08BF51
:107DE00070EEA10A00E040E008BF30EE020AB0EEFB
:107DF000682A01EE482A08EE818AC2EE081A15E0C8
:107E000011F0004F04BF9FED4C0AF0EE400AD1D0B4
:107E100010F0004F19BFDFED490A9FED490ADFED71
:107E2000490A9FED490AC5E7C8EE881A21EEA11A52
:107E30009FED462ADFED462A41EE022A9FED452AB4
:107E400001EE222ADFED442A41EE022A9FED432A69
:107E5000BDEC048B01EE222A21EE811A01EE020A0A
:107E600030EE210A30EE200A70BD4FF07F42B2EBB7
:107E7000400F28BFB2EB410F09D2F0EE480AB0EE36
:107E8000680ABDEC048BBDE8704000F0C0B840EA61
:107E900001035B0008BF41F0FF410BD0B2EB400F84
:107EA00008BFB2EB410F08D120F0804008EE900AE5
:107EB00021F0804108EE101A18E7B2EB400F12BF14
:107EC0005FEA410340F0FF4001F000413FF40EAF94
:107ED000B2EB410F12BF5FEA400200F0004041F0F8
:107EE000FF413FF403AF4A0092EA40033FF5FEAE84
:107EF000002AACBF9FED1A0A9FED1A0A68EE808A2D
:107F000028EE008A18EE900A18EE101AEEE600002D
:107F1000DB0FC9BFDB0FC93FDB0F4940DB0F49C097
:107F20000000C9BF22AAFDB90000C93F22AAFD393D
:107F30000060ED3EC30ACE3700000000000049C0DB
:107F400022AA7DBA0000494022AA7D3A2DAD65BD26
:107F50008FB8D53D0FB511BE61C84C3EA8AAAABEC8
:107F60000000804F0000802F00B52DED028B83B004
:107F7000B1EEC08B18EE100A18EE901A8DED008B42
:107F8000002818BF0120084320F00040C0F17F60A6
:107F900000F1E040C00F14D010EE101A10EE900A5D
:107FA0008DED000B002918BF0121084320F000408F
:107FB000C0F17F6000F1E040C00F04BF0120E8F78E
:107FC000F5FBB0EE480B03B0BDEC028B00BD10B565
:107FD0002DED028BB1EEC08A18EE100A20F00040A1
:107FE000C0F1FF40C00F0AD010EE100A20F0004090
:107FF000C0F1FF40C00F04BF0120E8F7D7FBB0EE8F
:10800000480ABDEC028B10BD30EE000A704730EE1E
:10801000200A7047DFED020A80EEA00A70470000D8
:10802000000000009FED020A20EE000A70470000E9
:108030000000001010B500EE100A2DED028BB1EE1D
:10804000C08A18EE100A20F00040C0F1FF40C00FB7
:108050000AD010EE100A20F00040C0F1FF40C00F1F
:1080600004BF0120E8F7A2FB18EE100ABDEC028B5A
:1080700010BDF1EE100A4FF6FF71C0F2C03120EAD8
:10808000010040F04070E1EE100A7047000000006F
:1080900000000000000000000000000000000000E0
:1080A00001000000020000000300000004000000C6
:1080B00000000000050000000000000000000000BB
:1080C00000000000060000000000000000000000AA
:1080D0000000000007000000F18C0108791700087B
:1080E000FDFF000000000000000200000000000092
:1080F00000000000008D010889170008FDFF000046
:10810000000000000002000000000000000000006D
:10811000188D0108491B0008FDFF00000000000049
:108120008000000000000000000000000F8D01082A
:10813000A9CF0008FDFF00000000000000020000C1
:108140000000000000000000E48C010871E9000854
:10815000FDFF000000000000000200000000000021
:1081600000000000228D010869F1000800000000F5
:10817000000000008000000000000000000000007F
:1081800000000000010203040102030406070809BD
:108190000001020304050607080C101418203040E3
:1081A000000610160006101608040204080101015A
:1081B00001010103070100000100020004000600A4
:1081C00008000A000C0010002000400080000001A0
:1081D0000000803F00000000000000000000803F21
:1081E0000000891112239B322446AD573665BF74B7
:1081F000488CC19D5AAFD3BE6CCAE5DB7EE9F7F867
:108200008110080193331A22A5562C47B7753E6496
:10821000C99C408DDBBF52AEEDDA64CBFFF976E846
:1082200002218B30100299132667AF763444BD5576
:108230004AADC3BC588ED19F6EEBE7FA7CC8F5D926
:1082400083310A2091121803A7772E66B5543C4556
:10825000CBBD42ACD99E508FEFFB66EAFDD874C906
:1082600004428D5316619F702004A9153227BB3636
:108270004CCEC5DF5EEDD7FC6888E1997AABF3BAE6
:1082800085520C4397711E60A1142805B3373A2616
:10829000CDDE44CFDFFD56ECE9986089FBBB72AAC6
:1082A00006638F7214409D512225AB343006B917F6
:1082B0004EEFC7FE5CCCD5DD6AA9E3B8788AF19BA6
:1082C00087730E6295501C41A3352A24B1163807D6
:1082D000CFFF46EEDDDC54CDEBB962A8F99A708B86
:1082E000088481951AA793B62CC2A5D33EE1B7F0B6
:1082F0004008C919522BDB3A644EED5F766DFF7C66
:10830000899400859BB712A6ADD224C3BFF136E095
:10831000C1184809D33B5A2AE55E6C4FF77D7E6C45
:108320000AA583B4188691972EE3A7F23CC0B5D175
:108330004229CB38500AD91B666FEF7E744CFD5D25
:108340008BB502A499961087AFF326E2BDD034C155
:10835000C3394A28D11A580BE77F6E6EF55C7C4D05
:108360000CC685D71EE597F42880A1913AA3B3B235
:10837000444ACD5B5669DF78600CE91D722FFB3EE5
:108380008DD604C79FF516E4A9902081BBB332A215
:10839000C55A4C4BD7795E68E11C680DF33F7A2EC5
:1083A0000EE787F61CC495D52AA1A3B03882B193F5
:1083B000466BCF7A5448DD59622DEB3C700EF91FA5
:1083C0008FF706E69DD414C5ABB122A0B9923083D5
:1083D000C77B4E6AD5585C49E33D6A2CF11E780F85
:1083E000005EBCE2613FDD83C29C7E20A3FD1F4195
:1083F0009DC3217FFCA2401E5F01E3BD3E6082DC85
:10840000237D9FC1421CFEA0E1BF5D0380DE3C6274
:10841000BEE0025CDF81633D7C22C09E1D43A1FF64
:108420004618FAA427799BC584DA3866E5BB590754
:10843000DB856739BAE406581947A5FB7826C49A44
:10844000653BD987045AB8E6A7F91B45C6987A2434
:10845000F8A6441A99C7257B3A6486D85B05E7B924
:108460008CD2306EEDB3510F4E10F2AC2F7193CD14
:10847000114FADF3702ECC92D38D6F31B2EC0E5004
:10848000AFF1134DCE90722C6D33D18F0C52B0EEF4
:10849000326C8ED0530DEFB1F0AE4C1291CF2D73E4
:1084A000CA947628ABF517490856B4EA6937D58BD4
:1084B0005709EBB536688AD495CB2977F4AA4816C4
:1084C000E9B7550B88D6346A2B7597C94A14F6A8B4
:1084D000742AC896154BA9F7B6E80A54D7896B35A4
:1084E00000000000920E493CB10AC93C2BC3163D66
:1084F0002EFB483D752B7B3D04A9963D80B6AF3DD4
:1085000036BDC83D2FBCE13D73B2FA3D87CF093E71
:108510008340163EB5AB223EA2102F3ECF6E3B3EAF
:10852000C2C5473E0115543E135C603E7F9A6C3EC7
:10853000CCCF783EC07D823E938E883E229A8E3E7E
:1085400032A0943E86A09A3EE59AA03E128FA63EA7
:10855000D47CAC3EEF63B23E2A44B83E491DBE3ED9
:1085600015EFC33E53B9C93ECA7BCF3E4136D53E17
:1085700080E8DA3E4F92E03E7533E63EBBCBEB3E01
:10858000EA5AF13ECBE0F63E275DFC3EE4E7003FD1
:108590003D9C033F824B063F9BF5083F6B9A0B3F88
:1085A000DA390E3FCDD3103F2A68133FD9F6153F75
:1085B000C07F183FC6021B3FD17F1D3FCBF61F3F38
:1085C0009967223F25D2243F5636273F1594293FED
:1085D0004AEB2B3FDE3B2E3FBB85303FC9C8323FC5
:1085E000F304353F233A373F4268393F3B8F3B3FE7
:1085F000F9AE3D3F67C73F3F70D8413F01E2433F7F
:1086000003E4453F65DE473F12D1493FF8BB4B3F8E
:10861000029F4D3F207A4F3F3D4D513F4918533FF8
:1086200031DB543FE595563F5348583F6AF2593F76
:108630001A945B3F532D5D3F05BE5E3F2146603F70
:1086400097C5613F5A3C633F59AA643F880F663F14
:10865000D86B673F3CBF683FA7096A3F0C4B6B3F35
:108660005E836C3F93B26D3F9ED86E3F73F56F3F54
:108670000809713F5213723F4714733FDD0B743F7B
:108680000BFA743FC6DE753F07BA763FC58B773F5E
:10869000F853783F9812793F9DC7793F02737A3F2C
:1086A000BE147B3FCDAC7B3F283B7C3FC9BF7C3FAA
:1086B000AC3A7D3FCCAB7D3F23137E3FB0707E3F15
:1086C0006DC47E3F580E7F3F6D4E7F3FAB847F3F32
:1086D0000FB17F3F97D37F3F43EC7F3F11FB7F3F3D
:1086E0000000803F11FB7F3F43EC7F3F97D37F3FEC
:1086F0000FB17F3FAB847F3F6D4E7F3F580E7F3F72
:108700006DC47E3FB0707E3F23137E3FCCAB7D3F78
:10871000AC3A7D3FC9BF7C3F283B7C3FCDAC7B3F23
:10872000BE147B3F02737A3F9DC7793F9812793F11
:10873000F853783FC58B773F07BA763FC6DE753F63
:108740000BFA743FDD0B743F4714733F5213723FB3
:108750000809713F73F56F3F9ED86E3F93B26D3F2E
:108760005E836C3F0C4B6B3FA7096A3F3CBF683F81
:10877000D86B673F880F663F59AA643F5A3C633FF6
:1087800097C5613F2146603F05BE5E3F532D5D3F6B
:108790001A945B3F6AF2593F5348583FE595563F5C
:1087A00031DB543F4918533F3D4D513F207A4F3FF5
:1087B000029F4D3FF8BB4B3F12D1493F65DE473F1B
:1087C00003E4453F01E2433F70D8413F67C73F3F65
:1087D000F9AE3D3F3B8F3B3F4268393F233A373F3D
:1087E000F304353FC9C8323FBB85303FDE3B2E3FE7
:1087F0004AEB2B3F1594293F5636273F25D2243F7D
:108800009967223FCBF61F3FD17F1D3FC6021B3F1A
:10881000C07F183FD9F6153F2A68133FCDD3103FCC
:10882000DA390E3F6B9A0B3F9BF5083F824B063FB0
:108830003D9C033FE4E7003F275DFC3ECBE0F63E76
:10884000EA5AF13EBBCBEB3E7533E63E4F92E03E3B
:1088500080E8DA3E4136D53ECA7BCF3E53B9C93EA9
:1088600015EFC33E491DBE3E2A44B83EEF63B23EFB
:10887000D47CAC3E128FA63EE59AA03E86A09A3EDE
:1088800032A0943E229A8E3E938E883EC07D823ED8
:10889000CCCF783E7F9A6C3E135C603E0115543E0F
:1088A000C2C5473ECF6E3B3EA2102F3EB5AB223E27
:1088B0008340163E87CF093E73B2FA3D2FBCE13D9F
:1088C00036BDC83D80B6AF3D04A9963D752B7B3DB6
:1088D0002EFB483D2BC3163DB10AC93C920E493CC4
:1088E00000000000920E49BCB10AC9BC2BC316BDE2
:1088F0002EFB48BD752B7BBD04A996BD80B6AFBDD0
:1089000036BDC8BD2FBCE1BD73B2FABD87CF09BE6D
:10891000834016BEB5AB22BEA2102FBECF6E3BBEAB
:10892000C2C547BE011554BE135C60BE7F9A6CBEC3
:10893000CCCF78BEC07D82BE938E88BE229A8EBE7A
:1089400032A094BE86A09ABEE59AA0BE128FA6BEA3
:10895000D47CACBEEF63B2BE2A44B8BE491DBEBED5
:1089600015EFC3BE53B9C9BECA7BCFBE4136D5BE13
:1089700080E8DABE4F92E0BE7533E6BEBBCBEBBEFD
:10898000EA5AF1BECBE0F6BE275DFCBEE4E700BFCD
:108990003D9C03BF824B06BF9BF508BF6B9A0BBF84
:1089A000DA390EBFCDD310BF2A6813BFD9F615BF71
:1089B000C07F18BFC6021BBFD17F1DBFCBF61FBF34
:1089C000996722BF25D224BF563627BF159429BFE9
:1089D0004AEB2BBFDE3B2EBFBB8530BFC9C832BFC1
:1089E000F30435BF233A37BF426839BF3B8F3BBFE3
:1089F000F9AE3DBF67C73FBF70D841BF01E243BF7B
:108A000003E445BF65DE47BF12D149BFF8BB4BBF8A
:108A1000029F4DBF207A4FBF3D4D51BF491853BFF4
:108A200031DB54BFE59556BF534858BF6AF259BF72
:108A30001A945BBF532D5DBF05BE5EBF214660BF6C
:108A400097C561BF5A3C63BF59AA64BF880F66BF10
:108A5000D86B67BF3CBF68BFA7096ABF0C4B6BBF31
:108A60005E836CBF93B26DBF9ED86EBF73F56FBF50
:108A7000080971BF521372BF471473BFDD0B74BF77
:108A80000BFA74BFC6DE75BF07BA76BFC58B77BF5A
:108A9000F85378BF981279BF9DC779BF02737ABF28
:108AA000BE147BBFCDAC7BBF283B7CBFC9BF7CBFA6
:108AB000AC3A7DBFCCAB7DBF23137EBFB0707EBF11
:108AC0006DC47EBF580E7FBF6D4E7FBFAB847FBF2E
:108AD0000FB17FBF97D37FBF43EC7FBF11FB7FBF39
:108AE000000080BF11FB7FBF43EC7FBF97D37FBFE8
:108AF0000FB17FBFAB847FBF6D4E7FBF580E7FBF6E
:108B00006DC47EBFB0707EBF23137EBFCCAB7DBF74
:108B1000AC3A7DBFC9BF7CBF283B7CBFCDAC7BBF1F
:108B2000BE147BBF02737ABF9DC779BF981279BF0D
:108B3000F85378BFC58B77BF07BA76BFC6DE75BF5F
:108B40000BFA74BFDD0B74BF471473BF521372BFAF
:108B5000080971BF73F56FBF9ED86EBF93B26DBF2A
:108B60005E836CBF0C4B6BBFA7096ABF3CBF68BF7D
:108B7000D86B67BF880F66BF59AA64BF5A3C63BFF2
:108B800097C561BF214660BF05BE5EBF532D5DBF67
:108B90001A945BBF6AF259BF534858BFE59556BF58
:108BA00031DB54BF491853BF3D4D51BF207A4FBFF1
:108BB000029F4DBFF8BB4BBF12D149BF65DE47BF17
:108BC00003E445BF01E243BF70D841BF67C73FBF61
:108BD000F9AE3DBF3B8F3BBF426839BF233A37BF39
:108BE000F30435BFC9C832BFBB8530BFDE3B2EBFE3
:108BF0004AEB2BBF159429BF563627BF25D224BF79
:108C0000996722BFCBF61FBFD17F1DBFC6021BBF16
:108C1000C07F18BFD9F615BF2A6813BFCDD310BFC8
:108C2000DA390EBF6B9A0BBF9BF508BF824B06BFAC
:108C30003D9C03BFE4E700BF275DFCBECBE0F6BE72
:108C4000EA5AF1BEBBCBEBBE7533E6BE4F92E0BE37
:108C500080E8DABE4136D5BECA7BCFBE53B9C9BEA5
:108C600015EFC3BE491DBEBE2A44B8BEEF63B2BEF7
:108C7000D47CACBE128FA6BEE59AA0BE86A09ABEDA
:108C800032A094BE229A8EBE938E88BEC07D82BED4
:108C9000CCCF78BE7F9A6CBE135C60BE011554BE0B
:108CA000C2C547BECF6E3BBEA2102FBEB5AB22BE23
:108CB000834016BE87CF09BE73B2FABD2FBCE1BD9B
:108CC00036BDC8BD80B6AFBD04A996BD752B7BBDB2
:108CD0002EFB48BD2BC316BDB10AC9BC920E49BCC0
:108CE000000000804F4253455256455F5441534B5C
:108CF00000434841535349535F4C5F5441534B0029
:108D0000434841535349535F525F5441534B0049C9
:108D10004E535F5441534B00444255535F544153AB
:108D20004B0064656661756C745461736B004944F3
:108D30004C450000688D010800000024F000000090
:108D400008030008588E0108F00000244077000056
:108D500024030008058DFFFF89BCFFFFE5BCFFFF72
:108D6000F1BFFFFF4DC1FFFF3333EB3A58A08B3A01
:108D7000701770179A99193E713D8A3E713D8A3E6F
:108D80009A99193E9A99193E1B8DEBC10B46A1C0C9
:108D9000840DA5C19FCD81C120D2B241D7341740E7
:108DA0007671F441B840C8408D17C3C17AC799C1E4
:108DB000B22D00C3333340C10090D0030090D003E4
:108DC00001640102010201030401FFFF0100000030
:108DD0000000000000000000C3F51C410000A0409E
:108DE0000AD7233C0100000010000000AAAAAAAA8A
:108DF0000000803F6F12833A000000000000803FB7
:108E00000000803F00000000000000000000803FE4
:108E1000CDCCCC3D0000000000000000CDCCCC3D0E
:108E20000000C84200000000000000000000C8422E
:108E30007D04017C000240AB034101055308065844
:108E400004070F000810810911000A15800B160095
:088E50000C18010D00000000E8
:04000005080002CD20
:00000001FF
